"indicateur","libellés","villes","Unit","Date","Value"
"Evolution des températures  (en °C et dixième)","Températures maximales","Lomé","°C","2013M1","34"
"Evolution des températures  (en °C et dixième)","Températures maximales","Lomé","°C","2013M2","33"
"Evolution des températures  (en °C et dixième)","Températures maximales","Lomé","°C","2013M3","34"
"Evolution des températures  (en °C et dixième)","Températures maximales","Lomé","°C","2013M4","34"
"Evolution des températures  (en °C et dixième)","Températures maximales","Lomé","°C","2013M5","32"
"Evolution des températures  (en °C et dixième)","Températures maximales","Lomé","°C","2013M6","31"
"Evolution des températures  (en °C et dixième)","Températures maximales","Lomé","°C","2013M7","30"
"Evolution des températures  (en °C et dixième)","Températures maximales","Lomé","°C","2013M8","31"
"Evolution des températures  (en °C et dixième)","Températures maximales","Lomé","°C","2013M9","30"
"Evolution des températures  (en °C et dixième)","Températures maximales","Lomé","°C","2013M10","32"
"Evolution des températures  (en °C et dixième)","Températures maximales","Lomé","°C","2013M11","33"
"Evolution des températures  (en °C et dixième)","Températures maximales","Lomé","°C","2013M12","33"
"Evolution des températures  (en °C et dixième)","Températures maximales","Lomé","°C","2014M1","33"
"Evolution des températures  (en °C et dixième)","Températures maximales","Lomé","°C","2014M2","38"
"Evolution des températures  (en °C et dixième)","Températures maximales","Lomé","°C","2014M3","34"
"Evolution des températures  (en °C et dixième)","Températures maximales","Lomé","°C","2014M4","34"
"Evolution des températures  (en °C et dixième)","Températures maximales","Lomé","°C","2014M5","33"
"Evolution des températures  (en °C et dixième)","Températures maximales","Lomé","°C","2014M6","31"
"Evolution des températures  (en °C et dixième)","Températures maximales","Lomé","°C","2014M7","30"
"Evolution des températures  (en °C et dixième)","Températures maximales","Lomé","°C","2014M8","29"
"Evolution des températures  (en °C et dixième)","Températures maximales","Lomé","°C","2014M9","30"
"Evolution des températures  (en °C et dixième)","Températures maximales","Lomé","°C","2014M10","32"
"Evolution des températures  (en °C et dixième)","Températures maximales","Lomé","°C","2014M11","34"
"Evolution des températures  (en °C et dixième)","Températures maximales","Lomé","°C","2014M12","34"
"Evolution des températures  (en °C et dixième)","Températures maximales","Lomé","°C","2015M1","33"
"Evolution des températures  (en °C et dixième)","Températures maximales","Lomé","°C","2015M2","34"
"Evolution des températures  (en °C et dixième)","Températures maximales","Lomé","°C","2015M3","34"
"Evolution des températures  (en °C et dixième)","Températures maximales","Lomé","°C","2015M4","34"
"Evolution des températures  (en °C et dixième)","Températures maximales","Lomé","°C","2015M5","34"
"Evolution des températures  (en °C et dixième)","Températures maximales","Lomé","°C","2015M6","31"
"Evolution des températures  (en °C et dixième)","Températures maximales","Lomé","°C","2015M7","30"
"Evolution des températures  (en °C et dixième)","Températures maximales","Lomé","°C","2015M8","30"
"Evolution des températures  (en °C et dixième)","Températures maximales","Lomé","°C","2015M9","30"
"Evolution des températures  (en °C et dixième)","Températures maximales","Lomé","°C","2015M10","32"
"Evolution des températures  (en °C et dixième)","Températures maximales","Lomé","°C","2015M11","33"
"Evolution des températures  (en °C et dixième)","Températures maximales","Lomé","°C","2015M12","34"
"Evolution des températures  (en °C et dixième)","Températures maximales","Lomé","°C","2016M1","34"
"Evolution des températures  (en °C et dixième)","Températures maximales","Lomé","°C","2016M2","33"
"Evolution des températures  (en °C et dixième)","Températures maximales","Lomé","°C","2016M3","33"
"Evolution des températures  (en °C et dixième)","Températures maximales","Lomé","°C","2016M4","33"
"Evolution des températures  (en °C et dixième)","Températures maximales","Lomé","°C","2016M5","32"
"Evolution des températures  (en °C et dixième)","Températures maximales","Lomé","°C","2016M6","30"
"Evolution des températures  (en °C et dixième)","Températures maximales","Lomé","°C","2016M7","30"
"Evolution des températures  (en °C et dixième)","Températures maximales","Lomé","°C","2016M8","30"
"Evolution des températures  (en °C et dixième)","Températures maximales","Lomé","°C","2016M9","31"
"Evolution des températures  (en °C et dixième)","Températures maximales","Lomé","°C","2016M10","32"
"Evolution des températures  (en °C et dixième)","Températures maximales","Lomé","°C","2016M11","33"
"Evolution des températures  (en °C et dixième)","Températures maximales","Lomé","°C","2016M12","34"
"Evolution des températures  (en °C et dixième)","Températures maximales","Lomé","°C","2017M1","33"
"Evolution des températures  (en °C et dixième)","Températures maximales","Lomé","°C","2017M2","34"
"Evolution des températures  (en °C et dixième)","Températures maximales","Lomé","°C","2017M3","34"
"Evolution des températures  (en °C et dixième)","Températures maximales","Lomé","°C","2017M4","34"
"Evolution des températures  (en °C et dixième)","Températures maximales","Lomé","°C","2017M5","33"
"Evolution des températures  (en °C et dixième)","Températures maximales","Lomé","°C","2017M6","31"
"Evolution des températures  (en °C et dixième)","Températures maximales","Lomé","°C","2017M7","29"
"Evolution des températures  (en °C et dixième)","Températures maximales","Lomé","°C","2017M8","29"
"Evolution des températures  (en °C et dixième)","Températures maximales","Lomé","°C","2017M9","30"
"Evolution des températures  (en °C et dixième)","Températures maximales","Lomé","°C","2017M10","32"
"Evolution des températures  (en °C et dixième)","Températures maximales","Lomé","°C","2017M11","33"
"Evolution des températures  (en °C et dixième)","Températures maximales","Lomé","°C","2017M12","33"
"Evolution des températures  (en °C et dixième)","Températures maximales","Lomé","°C","2018M1","33"
"Evolution des températures  (en °C et dixième)","Températures maximales","Lomé","°C","2018M2","33"
"Evolution des températures  (en °C et dixième)","Températures maximales","Lomé","°C","2018M3","33"
"Evolution des températures  (en °C et dixième)","Températures maximales","Lomé","°C","2018M4","33"
"Evolution des températures  (en °C et dixième)","Températures maximales","Lomé","°C","2018M5","33"
"Evolution des températures  (en °C et dixième)","Températures maximales","Lomé","°C","2018M6","31"
"Evolution des températures  (en °C et dixième)","Températures maximales","Lomé","°C","2018M7","30"
"Evolution des températures  (en °C et dixième)","Températures maximales","Lomé","°C","2018M8","30"
"Evolution des températures  (en °C et dixième)","Températures maximales","Lomé","°C","2018M9","31"
"Evolution des températures  (en °C et dixième)","Températures maximales","Lomé","°C","2018M10","32"
"Evolution des températures  (en °C et dixième)","Températures maximales","Lomé","°C","2018M11","34"
"Evolution des températures  (en °C et dixième)","Températures maximales","Lomé","°C","2018M12","34"
"Evolution des températures  (en °C et dixième)","Températures maximales","Lomé","°C","2019M1","34"
"Evolution des températures  (en °C et dixième)","Températures maximales","Lomé","°C","2019M2","34"
"Evolution des températures  (en °C et dixième)","Températures maximales","Lomé","°C","2019M3","34"
"Evolution des températures  (en °C et dixième)","Températures maximales","Lomé","°C","2019M4","34"
"Evolution des températures  (en °C et dixième)","Températures maximales","Lomé","°C","2019M5","32"
"Evolution des températures  (en °C et dixième)","Températures maximales","Lomé","°C","2019M6","31"
"Evolution des températures  (en °C et dixième)","Températures maximales","Lomé","°C","2019M7","30"
"Evolution des températures  (en °C et dixième)","Températures maximales","Lomé","°C","2019M8","30"
"Evolution des températures  (en °C et dixième)","Températures maximales","Lomé","°C","2019M9","31"
"Evolution des températures  (en °C et dixième)","Températures maximales","Lomé","°C","2019M10","31"
"Evolution des températures  (en °C et dixième)","Températures maximales","Lomé","°C","2019M11","33"
"Evolution des températures  (en °C et dixième)","Températures maximales","Lomé","°C","2019M12","34"
"Evolution des températures  (en °C et dixième)","Températures maximales","Tabligbo","°C","2013M1","36"
"Evolution des températures  (en °C et dixième)","Températures maximales","Tabligbo","°C","2013M2","37"
"Evolution des températures  (en °C et dixième)","Températures maximales","Tabligbo","°C","2013M3","36"
"Evolution des températures  (en °C et dixième)","Températures maximales","Tabligbo","°C","2013M4","36"
"Evolution des températures  (en °C et dixième)","Températures maximales","Tabligbo","°C","2013M5","34"
"Evolution des températures  (en °C et dixième)","Températures maximales","Tabligbo","°C","2013M6","33"
"Evolution des températures  (en °C et dixième)","Températures maximales","Tabligbo","°C","2013M7","32"
"Evolution des températures  (en °C et dixième)","Températures maximales","Tabligbo","°C","2013M8","30"
"Evolution des températures  (en °C et dixième)","Températures maximales","Tabligbo","°C","2013M9","32"
"Evolution des températures  (en °C et dixième)","Températures maximales","Tabligbo","°C","2013M10","33"
"Evolution des températures  (en °C et dixième)","Températures maximales","Tabligbo","°C","2013M11","34"
"Evolution des températures  (en °C et dixième)","Températures maximales","Tabligbo","°C","2013M12","35"
"Evolution des températures  (en °C et dixième)","Températures maximales","Tabligbo","°C","2014M1","35"
"Evolution des températures  (en °C et dixième)","Températures maximales","Tabligbo","°C","2014M2","36"
"Evolution des températures  (en °C et dixième)","Températures maximales","Tabligbo","°C","2014M3","35"
"Evolution des températures  (en °C et dixième)","Températures maximales","Tabligbo","°C","2014M4","34"
"Evolution des températures  (en °C et dixième)","Températures maximales","Tabligbo","°C","2014M5","34"
"Evolution des températures  (en °C et dixième)","Températures maximales","Tabligbo","°C","2014M6","32"
"Evolution des températures  (en °C et dixième)","Températures maximales","Tabligbo","°C","2014M7","31"
"Evolution des températures  (en °C et dixième)","Températures maximales","Tabligbo","°C","2014M8","30"
"Evolution des températures  (en °C et dixième)","Températures maximales","Tabligbo","°C","2014M9","31"
"Evolution des températures  (en °C et dixième)","Températures maximales","Tabligbo","°C","2014M10","33"
"Evolution des températures  (en °C et dixième)","Températures maximales","Tabligbo","°C","2014M11","34"
"Evolution des températures  (en °C et dixième)","Températures maximales","Tabligbo","°C","2014M12","36"
"Evolution des températures  (en °C et dixième)","Températures maximales","Tabligbo","°C","2015M1","36"
"Evolution des températures  (en °C et dixième)","Températures maximales","Tabligbo","°C","2015M2","36"
"Evolution des températures  (en °C et dixième)","Températures maximales","Tabligbo","°C","2015M3","35"
"Evolution des températures  (en °C et dixième)","Températures maximales","Tabligbo","°C","2015M4","35"
"Evolution des températures  (en °C et dixième)","Températures maximales","Tabligbo","°C","2015M5","35"
"Evolution des températures  (en °C et dixième)","Températures maximales","Tabligbo","°C","2015M6","32"
"Evolution des températures  (en °C et dixième)","Températures maximales","Tabligbo","°C","2015M7","32"
"Evolution des températures  (en °C et dixième)","Températures maximales","Tabligbo","°C","2015M8","32"
"Evolution des températures  (en °C et dixième)","Températures maximales","Tabligbo","°C","2015M9","33"
"Evolution des températures  (en °C et dixième)","Températures maximales","Tabligbo","°C","2015M10","35"
"Evolution des températures  (en °C et dixième)","Températures maximales","Tabligbo","°C","2015M11","35"
"Evolution des températures  (en °C et dixième)","Températures maximales","Tabligbo","°C","2015M12","36"
"Evolution des températures  (en °C et dixième)","Températures maximales","Tabligbo","°C","2016M1","37"
"Evolution des températures  (en °C et dixième)","Températures maximales","Tabligbo","°C","2016M2","38"
"Evolution des températures  (en °C et dixième)","Températures maximales","Tabligbo","°C","2016M3","36"
"Evolution des températures  (en °C et dixième)","Températures maximales","Tabligbo","°C","2016M4","36"
"Evolution des températures  (en °C et dixième)","Températures maximales","Tabligbo","°C","2016M5","35"
"Evolution des températures  (en °C et dixième)","Températures maximales","Tabligbo","°C","2016M6","32"
"Evolution des températures  (en °C et dixième)","Températures maximales","Tabligbo","°C","2016M7","32"
"Evolution des températures  (en °C et dixième)","Températures maximales","Tabligbo","°C","2016M8","31"
"Evolution des températures  (en °C et dixième)","Températures maximales","Tabligbo","°C","2016M9","32"
"Evolution des températures  (en °C et dixième)","Températures maximales","Tabligbo","°C","2016M10","34"
"Evolution des températures  (en °C et dixième)","Températures maximales","Tabligbo","°C","2016M11","35"
"Evolution des températures  (en °C et dixième)","Températures maximales","Tabligbo","°C","2016M12","36"
"Evolution des températures  (en °C et dixième)","Températures maximales","Tabligbo","°C","2017M1","36"
"Evolution des températures  (en °C et dixième)","Températures maximales","Tabligbo","°C","2017M2","37"
"Evolution des températures  (en °C et dixième)","Températures maximales","Tabligbo","°C","2017M3","37"
"Evolution des températures  (en °C et dixième)","Températures maximales","Tabligbo","°C","2017M4","35"
"Evolution des températures  (en °C et dixième)","Températures maximales","Tabligbo","°C","2017M5","34"
"Evolution des températures  (en °C et dixième)","Températures maximales","Tabligbo","°C","2017M6","33"
"Evolution des températures  (en °C et dixième)","Températures maximales","Tabligbo","°C","2017M7","31"
"Evolution des températures  (en °C et dixième)","Températures maximales","Tabligbo","°C","2017M8","30"
"Evolution des températures  (en °C et dixième)","Températures maximales","Tabligbo","°C","2017M9","31"
"Evolution des températures  (en °C et dixième)","Températures maximales","Tabligbo","°C","2017M10","34"
"Evolution des températures  (en °C et dixième)","Températures maximales","Tabligbo","°C","2017M11","34"
"Evolution des températures  (en °C et dixième)","Températures maximales","Tabligbo","°C","2017M12","34"
"Evolution des températures  (en °C et dixième)","Températures maximales","Tabligbo","°C","2018M1","36"
"Evolution des températures  (en °C et dixième)","Températures maximales","Tabligbo","°C","2018M2","36"
"Evolution des températures  (en °C et dixième)","Températures maximales","Tabligbo","°C","2018M3","35"
"Evolution des températures  (en °C et dixième)","Températures maximales","Tabligbo","°C","2018M4","35"
"Evolution des températures  (en °C et dixième)","Températures maximales","Tabligbo","°C","2018M5","34"
"Evolution des températures  (en °C et dixième)","Températures maximales","Tabligbo","°C","2018M6","32"
"Evolution des températures  (en °C et dixième)","Températures maximales","Tabligbo","°C","2018M7","31"
"Evolution des températures  (en °C et dixième)","Températures maximales","Tabligbo","°C","2018M8","31"
"Evolution des températures  (en °C et dixième)","Températures maximales","Tabligbo","°C","2018M9","32"
"Evolution des températures  (en °C et dixième)","Températures maximales","Tabligbo","°C","2018M10","33"
"Evolution des températures  (en °C et dixième)","Températures maximales","Tabligbo","°C","2018M11","34"
"Evolution des températures  (en °C et dixième)","Températures maximales","Tabligbo","°C","2018M12","36"
"Evolution des températures  (en °C et dixième)","Températures maximales","Tabligbo","°C","2019M1","36"
"Evolution des températures  (en °C et dixième)","Températures maximales","Tabligbo","°C","2019M2","36"
"Evolution des températures  (en °C et dixième)","Températures maximales","Tabligbo","°C","2019M3","36"
"Evolution des températures  (en °C et dixième)","Températures maximales","Tabligbo","°C","2019M4","35"
"Evolution des températures  (en °C et dixième)","Températures maximales","Tabligbo","°C","2019M5","35"
"Evolution des températures  (en °C et dixième)","Températures maximales","Tabligbo","°C","2019M6","32"
"Evolution des températures  (en °C et dixième)","Températures maximales","Tabligbo","°C","2019M7","32"
"Evolution des températures  (en °C et dixième)","Températures maximales","Tabligbo","°C","2019M8","31"
"Evolution des températures  (en °C et dixième)","Températures maximales","Tabligbo","°C","2019M9","31"
"Evolution des températures  (en °C et dixième)","Températures maximales","Tabligbo","°C","2019M10","32"
"Evolution des températures  (en °C et dixième)","Températures maximales","Tabligbo","°C","2019M11","34"
"Evolution des températures  (en °C et dixième)","Températures maximales","Tabligbo","°C","2019M12","35"
"Evolution des températures  (en °C et dixième)","Températures maximales","Kouma konda","°C","2013M1","32"
"Evolution des températures  (en °C et dixième)","Températures maximales","Kouma konda","°C","2013M2","33"
"Evolution des températures  (en °C et dixième)","Températures maximales","Kouma konda","°C","2013M3","31"
"Evolution des températures  (en °C et dixième)","Températures maximales","Kouma konda","°C","2013M4","30"
"Evolution des températures  (en °C et dixième)","Températures maximales","Kouma konda","°C","2013M5","29"
"Evolution des températures  (en °C et dixième)","Températures maximales","Kouma konda","°C","2013M6","28"
"Evolution des températures  (en °C et dixième)","Températures maximales","Kouma konda","°C","2013M7","26"
"Evolution des températures  (en °C et dixième)","Températures maximales","Kouma konda","°C","2013M8","26"
"Evolution des températures  (en °C et dixième)","Températures maximales","Kouma konda","°C","2013M9","28"
"Evolution des températures  (en °C et dixième)","Températures maximales","Kouma konda","°C","2013M10","29"
"Evolution des températures  (en °C et dixième)","Températures maximales","Kouma konda","°C","2013M11","30"
"Evolution des températures  (en °C et dixième)","Températures maximales","Kouma konda","°C","2013M12","31"
"Evolution des températures  (en °C et dixième)","Températures maximales","Kouma konda","°C","2014M1","31"
"Evolution des températures  (en °C et dixième)","Températures maximales","Kouma konda","°C","2014M2","32"
"Evolution des températures  (en °C et dixième)","Températures maximales","Kouma konda","°C","2014M3","32"
"Evolution des températures  (en °C et dixième)","Températures maximales","Kouma konda","°C","2014M4","31"
"Evolution des températures  (en °C et dixième)","Températures maximales","Kouma konda","°C","2014M5","29"
"Evolution des températures  (en °C et dixième)","Températures maximales","Kouma konda","°C","2014M6","28"
"Evolution des températures  (en °C et dixième)","Températures maximales","Kouma konda","°C","2014M7","26"
"Evolution des températures  (en °C et dixième)","Températures maximales","Kouma konda","°C","2014M8","25"
"Evolution des températures  (en °C et dixième)","Températures maximales","Kouma konda","°C","2014M9","26"
"Evolution des températures  (en °C et dixième)","Températures maximales","Kouma konda","°C","2014M10","28"
"Evolution des températures  (en °C et dixième)","Températures maximales","Kouma konda","°C","2014M11","29"
"Evolution des températures  (en °C et dixième)","Températures maximales","Kouma konda","°C","2014M12","30"
"Evolution des températures  (en °C et dixième)","Températures maximales","Kouma konda","°C","2015M1","31"
"Evolution des températures  (en °C et dixième)","Températures maximales","Kouma konda","°C","2015M2","31"
"Evolution des températures  (en °C et dixième)","Températures maximales","Kouma konda","°C","2015M3","31"
"Evolution des températures  (en °C et dixième)","Températures maximales","Kouma konda","°C","2015M4","30"
"Evolution des températures  (en °C et dixième)","Températures maximales","Kouma konda","°C","2015M5","30"
"Evolution des températures  (en °C et dixième)","Températures maximales","Kouma konda","°C","2015M6","28"
"Evolution des températures  (en °C et dixième)","Températures maximales","Kouma konda","°C","2015M7","27"
"Evolution des températures  (en °C et dixième)","Températures maximales","Kouma konda","°C","2015M8","27"
"Evolution des températures  (en °C et dixième)","Températures maximales","Kouma konda","°C","2015M9","27"
"Evolution des températures  (en °C et dixième)","Températures maximales","Kouma konda","°C","2015M10","29"
"Evolution des températures  (en °C et dixième)","Températures maximales","Kouma konda","°C","2015M11","30"
"Evolution des températures  (en °C et dixième)","Températures maximales","Kouma konda","°C","2015M12","31"
"Evolution des températures  (en °C et dixième)","Températures maximales","Kouma konda","°C","2016M1","32"
"Evolution des températures  (en °C et dixième)","Températures maximales","Kouma konda","°C","2016M2","34"
"Evolution des températures  (en °C et dixième)","Températures maximales","Kouma konda","°C","2016M3","32"
"Evolution des températures  (en °C et dixième)","Températures maximales","Kouma konda","°C","2016M4","31"
"Evolution des températures  (en °C et dixième)","Températures maximales","Kouma konda","°C","2016M5","29"
"Evolution des températures  (en °C et dixième)","Températures maximales","Kouma konda","°C","2016M6","27"
"Evolution des températures  (en °C et dixième)","Températures maximales","Kouma konda","°C","2016M7","26"
"Evolution des températures  (en °C et dixième)","Températures maximales","Kouma konda","°C","2016M8","26"
"Evolution des températures  (en °C et dixième)","Températures maximales","Kouma konda","°C","2016M9","27"
"Evolution des températures  (en °C et dixième)","Températures maximales","Kouma konda","°C","2016M10","29"
"Evolution des températures  (en °C et dixième)","Températures maximales","Kouma konda","°C","2016M11","30"
"Evolution des températures  (en °C et dixième)","Températures maximales","Kouma konda","°C","2016M12","31"
"Evolution des températures  (en °C et dixième)","Températures maximales","Kouma konda","°C","2017M1","32"
"Evolution des températures  (en °C et dixième)","Températures maximales","Kouma konda","°C","2017M2","32"
"Evolution des températures  (en °C et dixième)","Températures maximales","Kouma konda","°C","2017M3","32"
"Evolution des températures  (en °C et dixième)","Températures maximales","Kouma konda","°C","2017M4","30"
"Evolution des températures  (en °C et dixième)","Températures maximales","Kouma konda","°C","2017M5","30"
"Evolution des températures  (en °C et dixième)","Températures maximales","Kouma konda","°C","2017M6","28"
"Evolution des températures  (en °C et dixième)","Températures maximales","Kouma konda","°C","2017M7","26"
"Evolution des températures  (en °C et dixième)","Températures maximales","Kouma konda","°C","2017M8","26"
"Evolution des températures  (en °C et dixième)","Températures maximales","Kouma konda","°C","2017M9","27"
"Evolution des températures  (en °C et dixième)","Températures maximales","Kouma konda","°C","2017M10","29"
"Evolution des températures  (en °C et dixième)","Températures maximales","Kouma konda","°C","2017M11","29"
"Evolution des températures  (en °C et dixième)","Températures maximales","Kouma konda","°C","2017M12","30"
"Evolution des températures  (en °C et dixième)","Températures maximales","Kouma konda","°C","2018M1","31"
"Evolution des températures  (en °C et dixième)","Températures maximales","Kouma konda","°C","2018M2","33"
"Evolution des températures  (en °C et dixième)","Températures maximales","Kouma konda","°C","2018M3","31"
"Evolution des températures  (en °C et dixième)","Températures maximales","Kouma konda","°C","2018M4","30"
"Evolution des températures  (en °C et dixième)","Températures maximales","Kouma konda","°C","2018M5","29"
"Evolution des températures  (en °C et dixième)","Températures maximales","Kouma konda","°C","2018M6","27"
"Evolution des températures  (en °C et dixième)","Températures maximales","Kouma konda","°C","2018M7","26"
"Evolution des températures  (en °C et dixième)","Températures maximales","Kouma konda","°C","2018M8","25"
"Evolution des températures  (en °C et dixième)","Températures maximales","Kouma konda","°C","2018M9","26"
"Evolution des températures  (en °C et dixième)","Températures maximales","Kouma konda","°C","2018M10","27"
"Evolution des températures  (en °C et dixième)","Températures maximales","Kouma konda","°C","2018M11","29"
"Evolution des températures  (en °C et dixième)","Températures maximales","Kouma konda","°C","2018M12","30"
"Evolution des températures  (en °C et dixième)","Températures maximales","Kouma konda","°C","2019M1","31"
"Evolution des températures  (en °C et dixième)","Températures maximales","Kouma konda","°C","2019M2","31"
"Evolution des températures  (en °C et dixième)","Températures maximales","Kouma konda","°C","2019M3","31"
"Evolution des températures  (en °C et dixième)","Températures maximales","Kouma konda","°C","2019M4","30"
"Evolution des températures  (en °C et dixième)","Températures maximales","Kouma konda","°C","2019M5","29"
"Evolution des températures  (en °C et dixième)","Températures maximales","Kouma konda","°C","2019M6","27"
"Evolution des températures  (en °C et dixième)","Températures maximales","Kouma konda","°C","2019M7","26"
"Evolution des températures  (en °C et dixième)","Températures maximales","Kouma konda","°C","2019M8","26"
"Evolution des températures  (en °C et dixième)","Températures maximales","Kouma konda","°C","2019M9","26"
"Evolution des températures  (en °C et dixième)","Températures maximales","Kouma konda","°C","2019M10","26"
"Evolution des températures  (en °C et dixième)","Températures maximales","Kouma konda","°C","2019M11","29"
"Evolution des températures  (en °C et dixième)","Températures maximales","Kouma konda","°C","2019M12","31"
"Evolution des températures  (en °C et dixième)","Températures maximales","Atakpamé","°C","2013M1","34"
"Evolution des températures  (en °C et dixième)","Températures maximales","Atakpamé","°C","2013M2","36"
"Evolution des températures  (en °C et dixième)","Températures maximales","Atakpamé","°C","2013M3","34"
"Evolution des températures  (en °C et dixième)","Températures maximales","Atakpamé","°C","2013M4","32"
"Evolution des températures  (en °C et dixième)","Températures maximales","Atakpamé","°C","2013M5","31"
"Evolution des températures  (en °C et dixième)","Températures maximales","Atakpamé","°C","2013M6","30"
"Evolution des températures  (en °C et dixième)","Températures maximales","Atakpamé","°C","2013M7","29"
"Evolution des températures  (en °C et dixième)","Températures maximales","Atakpamé","°C","2013M8","30"
"Evolution des températures  (en °C et dixième)","Températures maximales","Atakpamé","°C","2013M9","30"
"Evolution des températures  (en °C et dixième)","Températures maximales","Atakpamé","°C","2013M10","32"
"Evolution des températures  (en °C et dixième)","Températures maximales","Atakpamé","°C","2013M11","34"
"Evolution des températures  (en °C et dixième)","Températures maximales","Atakpamé","°C","2013M12","34"
"Evolution des températures  (en °C et dixième)","Températures maximales","Atakpamé","°C","2014M1","35"
"Evolution des températures  (en °C et dixième)","Températures maximales","Atakpamé","°C","2014M2","35"
"Evolution des températures  (en °C et dixième)","Températures maximales","Atakpamé","°C","2014M3","34"
"Evolution des températures  (en °C et dixième)","Températures maximales","Atakpamé","°C","2014M4","34"
"Evolution des températures  (en °C et dixième)","Températures maximales","Atakpamé","°C","2014M5","32"
"Evolution des températures  (en °C et dixième)","Températures maximales","Atakpamé","°C","2014M6","31"
"Evolution des températures  (en °C et dixième)","Températures maximales","Atakpamé","°C","2014M7","30"
"Evolution des températures  (en °C et dixième)","Températures maximales","Atakpamé","°C","2014M8","28"
"Evolution des températures  (en °C et dixième)","Températures maximales","Atakpamé","°C","2014M9","30"
"Evolution des températures  (en °C et dixième)","Températures maximales","Atakpamé","°C","2014M10","32"
"Evolution des températures  (en °C et dixième)","Températures maximales","Atakpamé","°C","2014M11","33"
"Evolution des températures  (en °C et dixième)","Températures maximales","Atakpamé","°C","2014M12","34"
"Evolution des températures  (en °C et dixième)","Températures maximales","Atakpamé","°C","2015M1","33"
"Evolution des températures  (en °C et dixième)","Températures maximales","Atakpamé","°C","2015M2","36"
"Evolution des températures  (en °C et dixième)","Températures maximales","Atakpamé","°C","2015M3","34"
"Evolution des températures  (en °C et dixième)","Températures maximales","Atakpamé","°C","2015M4","33"
"Evolution des températures  (en °C et dixième)","Températures maximales","Atakpamé","°C","2015M5","33"
"Evolution des températures  (en °C et dixième)","Températures maximales","Atakpamé","°C","2015M6","31"
"Evolution des températures  (en °C et dixième)","Températures maximales","Atakpamé","°C","2015M7","30"
"Evolution des températures  (en °C et dixième)","Températures maximales","Atakpamé","°C","2015M8","29"
"Evolution des températures  (en °C et dixième)","Températures maximales","Atakpamé","°C","2015M9","30"
"Evolution des températures  (en °C et dixième)","Températures maximales","Atakpamé","°C","2015M10","31"
"Evolution des températures  (en °C et dixième)","Températures maximales","Atakpamé","°C","2015M11","33"
"Evolution des températures  (en °C et dixième)","Températures maximales","Atakpamé","°C","2015M12","33"
"Evolution des températures  (en °C et dixième)","Températures maximales","Atakpamé","°C","2016M1","34"
"Evolution des températures  (en °C et dixième)","Températures maximales","Atakpamé","°C","2016M2","36"
"Evolution des températures  (en °C et dixième)","Températures maximales","Atakpamé","°C","2016M3","36"
"Evolution des températures  (en °C et dixième)","Températures maximales","Atakpamé","°C","2016M4","34"
"Evolution des températures  (en °C et dixième)","Températures maximales","Atakpamé","°C","2016M5","33"
"Evolution des températures  (en °C et dixième)","Températures maximales","Atakpamé","°C","2016M6","30"
"Evolution des températures  (en °C et dixième)","Températures maximales","Atakpamé","°C","2016M7","29"
"Evolution des températures  (en °C et dixième)","Températures maximales","Atakpamé","°C","2016M8","29"
"Evolution des températures  (en °C et dixième)","Températures maximales","Atakpamé","°C","2016M9","30"
"Evolution des températures  (en °C et dixième)","Températures maximales","Atakpamé","°C","2016M10","31"
"Evolution des températures  (en °C et dixième)","Températures maximales","Atakpamé","°C","2016M11","34"
"Evolution des températures  (en °C et dixième)","Températures maximales","Atakpamé","°C","2016M12","34"
"Evolution des températures  (en °C et dixième)","Températures maximales","Atakpamé","°C","2017M1","34"
"Evolution des températures  (en °C et dixième)","Températures maximales","Atakpamé","°C","2017M2","36"
"Evolution des températures  (en °C et dixième)","Températures maximales","Atakpamé","°C","2017M3","36"
"Evolution des températures  (en °C et dixième)","Températures maximales","Atakpamé","°C","2017M4","34"
"Evolution des températures  (en °C et dixième)","Températures maximales","Atakpamé","°C","2017M5","33"
"Evolution des températures  (en °C et dixième)","Températures maximales","Atakpamé","°C","2017M6","31"
"Evolution des températures  (en °C et dixième)","Températures maximales","Atakpamé","°C","2017M7","29"
"Evolution des températures  (en °C et dixième)","Températures maximales","Atakpamé","°C","2017M8","28"
"Evolution des températures  (en °C et dixième)","Températures maximales","Atakpamé","°C","2017M9","29"
"Evolution des températures  (en °C et dixième)","Températures maximales","Atakpamé","°C","2017M10","32"
"Evolution des températures  (en °C et dixième)","Températures maximales","Atakpamé","°C","2017M11","34"
"Evolution des températures  (en °C et dixième)","Températures maximales","Atakpamé","°C","2017M12","34"
"Evolution des températures  (en °C et dixième)","Températures maximales","Atakpamé","°C","2018M1","33"
"Evolution des températures  (en °C et dixième)","Températures maximales","Atakpamé","°C","2018M2","35"
"Evolution des températures  (en °C et dixième)","Températures maximales","Atakpamé","°C","2018M3","34"
"Evolution des températures  (en °C et dixième)","Températures maximales","Atakpamé","°C","2018M4","33"
"Evolution des températures  (en °C et dixième)","Températures maximales","Atakpamé","°C","2018M5","32"
"Evolution des températures  (en °C et dixième)","Températures maximales","Atakpamé","°C","2018M6","30"
"Evolution des températures  (en °C et dixième)","Températures maximales","Atakpamé","°C","2018M7","29"
"Evolution des températures  (en °C et dixième)","Températures maximales","Atakpamé","°C","2018M8","29"
"Evolution des températures  (en °C et dixième)","Températures maximales","Atakpamé","°C","2018M9","30"
"Evolution des températures  (en °C et dixième)","Températures maximales","Atakpamé","°C","2018M10","31"
"Evolution des températures  (en °C et dixième)","Températures maximales","Atakpamé","°C","2018M11","33"
"Evolution des températures  (en °C et dixième)","Températures maximales","Atakpamé","°C","2018M12","33"
"Evolution des températures  (en °C et dixième)","Températures maximales","Atakpamé","°C","2019M1","35"
"Evolution des températures  (en °C et dixième)","Températures maximales","Atakpamé","°C","2019M2","36"
"Evolution des températures  (en °C et dixième)","Températures maximales","Atakpamé","°C","2019M3","35"
"Evolution des températures  (en °C et dixième)","Températures maximales","Atakpamé","°C","2019M4","34"
"Evolution des températures  (en °C et dixième)","Températures maximales","Atakpamé","°C","2019M5","32"
"Evolution des températures  (en °C et dixième)","Températures maximales","Atakpamé","°C","2019M6","31"
"Evolution des températures  (en °C et dixième)","Températures maximales","Atakpamé","°C","2019M7","30"
"Evolution des températures  (en °C et dixième)","Températures maximales","Atakpamé","°C","2019M8","29"
"Evolution des températures  (en °C et dixième)","Températures maximales","Atakpamé","°C","2019M9","30"
"Evolution des températures  (en °C et dixième)","Températures maximales","Atakpamé","°C","2019M10","30"
"Evolution des températures  (en °C et dixième)","Températures maximales","Atakpamé","°C","2019M11","33"
"Evolution des températures  (en °C et dixième)","Températures maximales","Atakpamé","°C","2019M12","34"
"Evolution des températures  (en °C et dixième)","Températures maximales","Sotouboua","°C","2013M1","35"
"Evolution des températures  (en °C et dixième)","Températures maximales","Sotouboua","°C","2013M2","36"
"Evolution des températures  (en °C et dixième)","Températures maximales","Sotouboua","°C","2013M3","36"
"Evolution des températures  (en °C et dixième)","Températures maximales","Sotouboua","°C","2013M4","34"
"Evolution des températures  (en °C et dixième)","Températures maximales","Sotouboua","°C","2013M5","34"
"Evolution des températures  (en °C et dixième)","Températures maximales","Sotouboua","°C","2013M6","32"
"Evolution des températures  (en °C et dixième)","Températures maximales","Sotouboua","°C","2013M7","30"
"Evolution des températures  (en °C et dixième)","Températures maximales","Sotouboua","°C","2013M8","29"
"Evolution des températures  (en °C et dixième)","Températures maximales","Sotouboua","°C","2013M9","29"
"Evolution des températures  (en °C et dixième)","Températures maximales","Sotouboua","°C","2013M10","32"
"Evolution des températures  (en °C et dixième)","Températures maximales","Sotouboua","°C","2013M11","34"
"Evolution des températures  (en °C et dixième)","Températures maximales","Sotouboua","°C","2013M12","35"
"Evolution des températures  (en °C et dixième)","Températures maximales","Sotouboua","°C","2014M1","35"
"Evolution des températures  (en °C et dixième)","Températures maximales","Sotouboua","°C","2014M2","36"
"Evolution des températures  (en °C et dixième)","Températures maximales","Sotouboua","°C","2014M3","36"
"Evolution des températures  (en °C et dixième)","Températures maximales","Sotouboua","°C","2014M4","35"
"Evolution des températures  (en °C et dixième)","Températures maximales","Sotouboua","°C","2014M5","33"
"Evolution des températures  (en °C et dixième)","Températures maximales","Sotouboua","°C","2014M6","33"
"Evolution des températures  (en °C et dixième)","Températures maximales","Sotouboua","°C","2014M7","31"
"Evolution des températures  (en °C et dixième)","Températures maximales","Sotouboua","°C","2014M8","29"
"Evolution des températures  (en °C et dixième)","Températures maximales","Sotouboua","°C","2014M9","30"
"Evolution des températures  (en °C et dixième)","Températures maximales","Sotouboua","°C","2014M10","32"
"Evolution des températures  (en °C et dixième)","Températures maximales","Sotouboua","°C","2014M11","34"
"Evolution des températures  (en °C et dixième)","Températures maximales","Sotouboua","°C","2014M12","35"
"Evolution des températures  (en °C et dixième)","Températures maximales","Sotouboua","°C","2015M1","34"
"Evolution des températures  (en °C et dixième)","Températures maximales","Sotouboua","°C","2015M2","36"
"Evolution des températures  (en °C et dixième)","Températures maximales","Sotouboua","°C","2015M3","37"
"Evolution des températures  (en °C et dixième)","Températures maximales","Sotouboua","°C","2015M4","35"
"Evolution des températures  (en °C et dixième)","Températures maximales","Sotouboua","°C","2015M5","34"
"Evolution des températures  (en °C et dixième)","Températures maximales","Sotouboua","°C","2015M6","30"
"Evolution des températures  (en °C et dixième)","Températures maximales","Sotouboua","°C","2015M7","31"
"Evolution des températures  (en °C et dixième)","Températures maximales","Sotouboua","°C","2015M8","30"
"Evolution des températures  (en °C et dixième)","Températures maximales","Sotouboua","°C","2015M9","31"
"Evolution des températures  (en °C et dixième)","Températures maximales","Sotouboua","°C","2015M10","32"
"Evolution des températures  (en °C et dixième)","Températures maximales","Sotouboua","°C","2015M11","35"
"Evolution des températures  (en °C et dixième)","Températures maximales","Sotouboua","°C","2015M12","33"
"Evolution des températures  (en °C et dixième)","Températures maximales","Sotouboua","°C","2016M1","36"
"Evolution des températures  (en °C et dixième)","Températures maximales","Sotouboua","°C","2016M2","36"
"Evolution des températures  (en °C et dixième)","Températures maximales","Sotouboua","°C","2016M3","36"
"Evolution des températures  (en °C et dixième)","Températures maximales","Sotouboua","°C","2016M4","38"
"Evolution des températures  (en °C et dixième)","Températures maximales","Sotouboua","°C","2016M5","37"
"Evolution des températures  (en °C et dixième)","Températures maximales","Sotouboua","°C","2016M6","33"
"Evolution des températures  (en °C et dixième)","Températures maximales","Sotouboua","°C","2016M7","31"
"Evolution des températures  (en °C et dixième)","Températures maximales","Sotouboua","°C","2016M8","30"
"Evolution des températures  (en °C et dixième)","Températures maximales","Sotouboua","°C","2016M9","31"
"Evolution des températures  (en °C et dixième)","Températures maximales","Sotouboua","°C","2016M10","33"
"Evolution des températures  (en °C et dixième)","Températures maximales","Sotouboua","°C","2016M11","36"
"Evolution des températures  (en °C et dixième)","Températures maximales","Sotouboua","°C","2016M12","35"
"Evolution des températures  (en °C et dixième)","Températures maximales","Sotouboua","°C","2017M1","35"
"Evolution des températures  (en °C et dixième)","Températures maximales","Sotouboua","°C","2017M2","33"
"Evolution des températures  (en °C et dixième)","Températures maximales","Sotouboua","°C","2017M3","37"
"Evolution des températures  (en °C et dixième)","Températures maximales","Sotouboua","°C","2017M4","35"
"Evolution des températures  (en °C et dixième)","Températures maximales","Sotouboua","°C","2017M5","33"
"Evolution des températures  (en °C et dixième)","Températures maximales","Sotouboua","°C","2017M6","31"
"Evolution des températures  (en °C et dixième)","Températures maximales","Sotouboua","°C","2017M7","30"
"Evolution des températures  (en °C et dixième)","Températures maximales","Sotouboua","°C","2017M8","29"
"Evolution des températures  (en °C et dixième)","Températures maximales","Sotouboua","°C","2017M9","30"
"Evolution des températures  (en °C et dixième)","Températures maximales","Sotouboua","°C","2017M10","33"
"Evolution des températures  (en °C et dixième)","Températures maximales","Sotouboua","°C","2017M11","35"
"Evolution des températures  (en °C et dixième)","Températures maximales","Sotouboua","°C","2017M12","34"
"Evolution des températures  (en °C et dixième)","Températures maximales","Sotouboua","°C","2018M1","34"
"Evolution des températures  (en °C et dixième)","Températures maximales","Sotouboua","°C","2018M2","34"
"Evolution des températures  (en °C et dixième)","Températures maximales","Sotouboua","°C","2018M3","35"
"Evolution des températures  (en °C et dixième)","Températures maximales","Sotouboua","°C","2018M4","35"
"Evolution des températures  (en °C et dixième)","Températures maximales","Sotouboua","°C","2018M5","32"
"Evolution des températures  (en °C et dixième)","Températures maximales","Sotouboua","°C","2018M6","31"
"Evolution des températures  (en °C et dixième)","Températures maximales","Sotouboua","°C","2018M7","29"
"Evolution des températures  (en °C et dixième)","Températures maximales","Sotouboua","°C","2018M8","29"
"Evolution des températures  (en °C et dixième)","Températures maximales","Sotouboua","°C","2018M9","31"
"Evolution des températures  (en °C et dixième)","Températures maximales","Sotouboua","°C","2018M10","32"
"Evolution des températures  (en °C et dixième)","Températures maximales","Sotouboua","°C","2018M11","35"
"Evolution des températures  (en °C et dixième)","Températures maximales","Sotouboua","°C","2018M12","34"
"Evolution des températures  (en °C et dixième)","Températures maximales","Sotouboua","°C","2019M1","35"
"Evolution des températures  (en °C et dixième)","Températures maximales","Sotouboua","°C","2019M2","34"
"Evolution des températures  (en °C et dixième)","Températures maximales","Sotouboua","°C","2019M3","37"
"Evolution des températures  (en °C et dixième)","Températures maximales","Sotouboua","°C","2019M4","35"
"Evolution des températures  (en °C et dixième)","Températures maximales","Sotouboua","°C","2019M5","34"
"Evolution des températures  (en °C et dixième)","Températures maximales","Sotouboua","°C","2019M6","31"
"Evolution des températures  (en °C et dixième)","Températures maximales","Sotouboua","°C","2019M7","30"
"Evolution des températures  (en °C et dixième)","Températures maximales","Sotouboua","°C","2019M8","30"
"Evolution des températures  (en °C et dixième)","Températures maximales","Sotouboua","°C","2019M9","30"
"Evolution des températures  (en °C et dixième)","Températures maximales","Sotouboua","°C","2019M10","31"
"Evolution des températures  (en °C et dixième)","Températures maximales","Sotouboua","°C","2019M11","34"
"Evolution des températures  (en °C et dixième)","Températures maximales","Sotouboua","°C","2019M12","34"
"Evolution des températures  (en °C et dixième)","Températures maximales","Sokodé","°C","2013M1","35"
"Evolution des températures  (en °C et dixième)","Températures maximales","Sokodé","°C","2013M2","38"
"Evolution des températures  (en °C et dixième)","Températures maximales","Sokodé","°C","2013M3","36"
"Evolution des températures  (en °C et dixième)","Températures maximales","Sokodé","°C","2013M4","34"
"Evolution des températures  (en °C et dixième)","Températures maximales","Sokodé","°C","2013M5","33"
"Evolution des températures  (en °C et dixième)","Températures maximales","Sokodé","°C","2013M6","32"
"Evolution des températures  (en °C et dixième)","Températures maximales","Sokodé","°C","2013M7","30"
"Evolution des températures  (en °C et dixième)","Températures maximales","Sokodé","°C","2013M8","29"
"Evolution des températures  (en °C et dixième)","Températures maximales","Sokodé","°C","2013M9","30"
"Evolution des températures  (en °C et dixième)","Températures maximales","Sokodé","°C","2013M10","33"
"Evolution des températures  (en °C et dixième)","Températures maximales","Sokodé","°C","2013M11","35"
"Evolution des températures  (en °C et dixième)","Températures maximales","Sokodé","°C","2013M12","35"
"Evolution des températures  (en °C et dixième)","Températures maximales","Sokodé","°C","2014M1","35"
"Evolution des températures  (en °C et dixième)","Températures maximales","Sokodé","°C","2014M2","36"
"Evolution des températures  (en °C et dixième)","Températures maximales","Sokodé","°C","2014M3","36"
"Evolution des températures  (en °C et dixième)","Températures maximales","Sokodé","°C","2014M4","35"
"Evolution des températures  (en °C et dixième)","Températures maximales","Sokodé","°C","2014M5","33"
"Evolution des températures  (en °C et dixième)","Températures maximales","Sokodé","°C","2014M6","33"
"Evolution des températures  (en °C et dixième)","Températures maximales","Sokodé","°C","2014M7","31"
"Evolution des températures  (en °C et dixième)","Températures maximales","Sokodé","°C","2014M8","29"
"Evolution des températures  (en °C et dixième)","Températures maximales","Sokodé","°C","2014M9","31"
"Evolution des températures  (en °C et dixième)","Températures maximales","Sokodé","°C","2014M10","33"
"Evolution des températures  (en °C et dixième)","Températures maximales","Sokodé","°C","2014M11","34"
"Evolution des températures  (en °C et dixième)","Températures maximales","Sokodé","°C","2014M12","35"
"Evolution des températures  (en °C et dixième)","Températures maximales","Sokodé","°C","2015M1","35"
"Evolution des températures  (en °C et dixième)","Températures maximales","Sokodé","°C","2015M2","37"
"Evolution des températures  (en °C et dixième)","Températures maximales","Sokodé","°C","2015M3","36"
"Evolution des températures  (en °C et dixième)","Températures maximales","Sokodé","°C","2015M4","37"
"Evolution des températures  (en °C et dixième)","Températures maximales","Sokodé","°C","2015M5","35"
"Evolution des températures  (en °C et dixième)","Températures maximales","Sokodé","°C","2015M6","31"
"Evolution des températures  (en °C et dixième)","Températures maximales","Sokodé","°C","2015M7","31"
"Evolution des températures  (en °C et dixième)","Températures maximales","Sokodé","°C","2015M8","29"
"Evolution des températures  (en °C et dixième)","Températures maximales","Sokodé","°C","2015M9","30"
"Evolution des températures  (en °C et dixième)","Températures maximales","Sokodé","°C","2015M10","32"
"Evolution des températures  (en °C et dixième)","Températures maximales","Sokodé","°C","2015M11","35"
"Evolution des températures  (en °C et dixième)","Températures maximales","Sokodé","°C","2015M12","33"
"Evolution des températures  (en °C et dixième)","Températures maximales","Sokodé","°C","2016M1","35"
"Evolution des températures  (en °C et dixième)","Températures maximales","Sokodé","°C","2016M2","37"
"Evolution des températures  (en °C et dixième)","Températures maximales","Sokodé","°C","2016M3","36"
"Evolution des températures  (en °C et dixième)","Températures maximales","Sokodé","°C","2016M4","34"
"Evolution des températures  (en °C et dixième)","Températures maximales","Sokodé","°C","2016M5","33"
"Evolution des températures  (en °C et dixième)","Températures maximales","Sokodé","°C","2016M6","31"
"Evolution des températures  (en °C et dixième)","Températures maximales","Sokodé","°C","2016M7","30"
"Evolution des températures  (en °C et dixième)","Températures maximales","Sokodé","°C","2016M8","29"
"Evolution des températures  (en °C et dixième)","Températures maximales","Sokodé","°C","2016M9","30"
"Evolution des températures  (en °C et dixième)","Températures maximales","Sokodé","°C","2016M10","33"
"Evolution des températures  (en °C et dixième)","Températures maximales","Sokodé","°C","2016M11","36"
"Evolution des températures  (en °C et dixième)","Températures maximales","Sokodé","°C","2016M12","35"
"Evolution des températures  (en °C et dixième)","Températures maximales","Sokodé","°C","2017M1","36"
"Evolution des températures  (en °C et dixième)","Températures maximales","Sokodé","°C","2017M2","34"
"Evolution des températures  (en °C et dixième)","Températures maximales","Sokodé","°C","2017M3","38"
"Evolution des températures  (en °C et dixième)","Températures maximales","Sokodé","°C","2017M4","35"
"Evolution des températures  (en °C et dixième)","Températures maximales","Sokodé","°C","2017M5","33"
"Evolution des températures  (en °C et dixième)","Températures maximales","Sokodé","°C","2017M6","31"
"Evolution des températures  (en °C et dixième)","Températures maximales","Sokodé","°C","2017M7","29"
"Evolution des températures  (en °C et dixième)","Températures maximales","Sokodé","°C","2017M8","29"
"Evolution des températures  (en °C et dixième)","Températures maximales","Sokodé","°C","2017M9","30"
"Evolution des températures  (en °C et dixième)","Températures maximales","Sokodé","°C","2017M10","34"
"Evolution des températures  (en °C et dixième)","Températures maximales","Sokodé","°C","2017M11","35"
"Evolution des températures  (en °C et dixième)","Températures maximales","Sokodé","°C","2017M12","35"
"Evolution des températures  (en °C et dixième)","Températures maximales","Sokodé","°C","2018M1","34"
"Evolution des températures  (en °C et dixième)","Températures maximales","Sokodé","°C","2018M2","37"
"Evolution des températures  (en °C et dixième)","Températures maximales","Sokodé","°C","2018M3","35"
"Evolution des températures  (en °C et dixième)","Températures maximales","Sokodé","°C","2018M4","35"
"Evolution des températures  (en °C et dixième)","Températures maximales","Sokodé","°C","2018M5","33"
"Evolution des températures  (en °C et dixième)","Températures maximales","Sokodé","°C","2018M6","31"
"Evolution des températures  (en °C et dixième)","Températures maximales","Sokodé","°C","2018M7","30"
"Evolution des températures  (en °C et dixième)","Températures maximales","Sokodé","°C","2018M8","29"
"Evolution des températures  (en °C et dixième)","Températures maximales","Sokodé","°C","2018M9","30"
"Evolution des températures  (en °C et dixième)","Températures maximales","Sokodé","°C","2018M10","32"
"Evolution des températures  (en °C et dixième)","Températures maximales","Sokodé","°C","2018M11","35"
"Evolution des températures  (en °C et dixième)","Températures maximales","Sokodé","°C","2018M12","35"
"Evolution des températures  (en °C et dixième)","Températures maximales","Sokodé","°C","2019M1","36"
"Evolution des températures  (en °C et dixième)","Températures maximales","Sokodé","°C","2019M2","37"
"Evolution des températures  (en °C et dixième)","Températures maximales","Sokodé","°C","2019M3","37"
"Evolution des températures  (en °C et dixième)","Températures maximales","Sokodé","°C","2019M4","35"
"Evolution des températures  (en °C et dixième)","Températures maximales","Sokodé","°C","2019M5","34"
"Evolution des températures  (en °C et dixième)","Températures maximales","Sokodé","°C","2019M6","31"
"Evolution des températures  (en °C et dixième)","Températures maximales","Sokodé","°C","2019M7","30"
"Evolution des températures  (en °C et dixième)","Températures maximales","Sokodé","°C","2019M8","29"
"Evolution des températures  (en °C et dixième)","Températures maximales","Sokodé","°C","2019M9","30"
"Evolution des températures  (en °C et dixième)","Températures maximales","Sokodé","°C","2019M10","31"
"Evolution des températures  (en °C et dixième)","Températures maximales","Sokodé","°C","2019M11","34"
"Evolution des températures  (en °C et dixième)","Températures maximales","Sokodé","°C","2019M12","35"
"Evolution des températures  (en °C et dixième)","Températures maximales","Kara","°C","2013M1","36"
"Evolution des températures  (en °C et dixième)","Températures maximales","Kara","°C","2013M2","38"
"Evolution des températures  (en °C et dixième)","Températures maximales","Kara","°C","2013M3","37"
"Evolution des températures  (en °C et dixième)","Températures maximales","Kara","°C","2013M4","36"
"Evolution des températures  (en °C et dixième)","Températures maximales","Kara","°C","2013M5","34"
"Evolution des températures  (en °C et dixième)","Températures maximales","Kara","°C","2013M6","32"
"Evolution des températures  (en °C et dixième)","Températures maximales","Kara","°C","2013M7","31"
"Evolution des températures  (en °C et dixième)","Températures maximales","Kara","°C","2013M8","30"
"Evolution des températures  (en °C et dixième)","Températures maximales","Kara","°C","2013M9","30"
"Evolution des températures  (en °C et dixième)","Températures maximales","Kara","°C","2013M10","33"
"Evolution des températures  (en °C et dixième)","Températures maximales","Kara","°C","2013M11","35"
"Evolution des températures  (en °C et dixième)","Températures maximales","Kara","°C","2013M12","35"
"Evolution des températures  (en °C et dixième)","Températures maximales","Kara","°C","2014M1","39"
"Evolution des températures  (en °C et dixième)","Températures maximales","Kara","°C","2014M2","37"
"Evolution des températures  (en °C et dixième)","Températures maximales","Kara","°C","2014M3","36"
"Evolution des températures  (en °C et dixième)","Températures maximales","Kara","°C","2014M4","35"
"Evolution des températures  (en °C et dixième)","Températures maximales","Kara","°C","2014M5","34"
"Evolution des températures  (en °C et dixième)","Températures maximales","Kara","°C","2014M6","33"
"Evolution des températures  (en °C et dixième)","Températures maximales","Kara","°C","2014M7","31"
"Evolution des températures  (en °C et dixième)","Températures maximales","Kara","°C","2014M8","29"
"Evolution des températures  (en °C et dixième)","Températures maximales","Kara","°C","2014M9","31"
"Evolution des températures  (en °C et dixième)","Températures maximales","Kara","°C","2014M10","33"
"Evolution des températures  (en °C et dixième)","Températures maximales","Kara","°C","2014M11","35"
"Evolution des températures  (en °C et dixième)","Températures maximales","Kara","°C","2014M12","39"
"Evolution des températures  (en °C et dixième)","Températures maximales","Kara","°C","2015M1","35"
"Evolution des températures  (en °C et dixième)","Températures maximales","Kara","°C","2015M2","38"
"Evolution des températures  (en °C et dixième)","Températures maximales","Kara","°C","2015M3","37"
"Evolution des températures  (en °C et dixième)","Températures maximales","Kara","°C","2015M4","38"
"Evolution des températures  (en °C et dixième)","Températures maximales","Kara","°C","2015M5","36"
"Evolution des températures  (en °C et dixième)","Températures maximales","Kara","°C","2015M6","34"
"Evolution des températures  (en °C et dixième)","Températures maximales","Kara","°C","2015M7","32"
"Evolution des températures  (en °C et dixième)","Températures maximales","Kara","°C","2015M8","30"
"Evolution des températures  (en °C et dixième)","Températures maximales","Kara","°C","2015M9","32"
"Evolution des températures  (en °C et dixième)","Températures maximales","Kara","°C","2015M10","33"
"Evolution des températures  (en °C et dixième)","Températures maximales","Kara","°C","2015M11","36"
"Evolution des températures  (en °C et dixième)","Températures maximales","Kara","°C","2015M12","34"
"Evolution des températures  (en °C et dixième)","Températures maximales","Kara","°C","2016M1","36"
"Evolution des températures  (en °C et dixième)","Températures maximales","Kara","°C","2016M2","38"
"Evolution des températures  (en °C et dixième)","Températures maximales","Kara","°C","2016M3","38"
"Evolution des températures  (en °C et dixième)","Températures maximales","Kara","°C","2016M4","36"
"Evolution des températures  (en °C et dixième)","Températures maximales","Kara","°C","2016M5","34"
"Evolution des températures  (en °C et dixième)","Températures maximales","Kara","°C","2016M6","32"
"Evolution des températures  (en °C et dixième)","Températures maximales","Kara","°C","2016M7","30"
"Evolution des températures  (en °C et dixième)","Températures maximales","Kara","°C","2016M8","30"
"Evolution des températures  (en °C et dixième)","Températures maximales","Kara","°C","2016M9","31"
"Evolution des températures  (en °C et dixième)","Températures maximales","Kara","°C","2016M10","34"
"Evolution des températures  (en °C et dixième)","Températures maximales","Kara","°C","2016M11","36"
"Evolution des températures  (en °C et dixième)","Températures maximales","Kara","°C","2016M12","36"
"Evolution des températures  (en °C et dixième)","Températures maximales","Kara","°C","2017M1","36"
"Evolution des températures  (en °C et dixième)","Températures maximales","Kara","°C","2017M2","38"
"Evolution des températures  (en °C et dixième)","Températures maximales","Kara","°C","2017M3","39"
"Evolution des températures  (en °C et dixième)","Températures maximales","Kara","°C","2017M4","37"
"Evolution des températures  (en °C et dixième)","Températures maximales","Kara","°C","2017M5","34"
"Evolution des températures  (en °C et dixième)","Températures maximales","Kara","°C","2017M6","32"
"Evolution des températures  (en °C et dixième)","Températures maximales","Kara","°C","2017M7","30"
"Evolution des températures  (en °C et dixième)","Températures maximales","Kara","°C","2017M8","27"
"Evolution des températures  (en °C et dixième)","Températures maximales","Kara","°C","2017M9","31"
"Evolution des températures  (en °C et dixième)","Températures maximales","Kara","°C","2017M10","34"
"Evolution des températures  (en °C et dixième)","Températures maximales","Kara","°C","2017M11","37"
"Evolution des températures  (en °C et dixième)","Températures maximales","Kara","°C","2017M12","36"
"Evolution des températures  (en °C et dixième)","Températures maximales","Kara","°C","2018M1","35"
"Evolution des températures  (en °C et dixième)","Températures maximales","Kara","°C","2018M2","38"
"Evolution des températures  (en °C et dixième)","Températures maximales","Kara","°C","2018M3","37"
"Evolution des températures  (en °C et dixième)","Températures maximales","Kara","°C","2018M4","36"
"Evolution des températures  (en °C et dixième)","Températures maximales","Kara","°C","2018M5","34"
"Evolution des températures  (en °C et dixième)","Températures maximales","Kara","°C","2018M6","32"
"Evolution des températures  (en °C et dixième)","Températures maximales","Kara","°C","2018M7","31"
"Evolution des températures  (en °C et dixième)","Températures maximales","Kara","°C","2018M8","30"
"Evolution des températures  (en °C et dixième)","Températures maximales","Kara","°C","2018M9","32"
"Evolution des températures  (en °C et dixième)","Températures maximales","Kara","°C","2018M10","34"
"Evolution des températures  (en °C et dixième)","Températures maximales","Kara","°C","2018M11","36"
"Evolution des températures  (en °C et dixième)","Températures maximales","Kara","°C","2018M12","35"
"Evolution des températures  (en °C et dixième)","Températures maximales","Kara","°C","2019M1","37"
"Evolution des températures  (en °C et dixième)","Températures maximales","Kara","°C","2019M2","38"
"Evolution des températures  (en °C et dixième)","Températures maximales","Kara","°C","2019M3","39"
"Evolution des températures  (en °C et dixième)","Températures maximales","Kara","°C","2019M4","38"
"Evolution des températures  (en °C et dixième)","Températures maximales","Kara","°C","2019M5","33"
"Evolution des températures  (en °C et dixième)","Températures maximales","Kara","°C","2019M6","32"
"Evolution des températures  (en °C et dixième)","Températures maximales","Kara","°C","2019M7","30"
"Evolution des températures  (en °C et dixième)","Températures maximales","Kara","°C","2019M8","30"
"Evolution des températures  (en °C et dixième)","Températures maximales","Kara","°C","2019M9","31"
"Evolution des températures  (en °C et dixième)","Températures maximales","Kara","°C","2019M10","32"
"Evolution des températures  (en °C et dixième)","Températures maximales","Kara","°C","2019M11","36"
"Evolution des températures  (en °C et dixième)","Températures maximales","Kara","°C","2019M12","36"
"Evolution des températures  (en °C et dixième)","Températures maximales","Niamtougou","°C","2013M1","34"
"Evolution des températures  (en °C et dixième)","Températures maximales","Niamtougou","°C","2013M2","36"
"Evolution des températures  (en °C et dixième)","Températures maximales","Niamtougou","°C","2013M3","36"
"Evolution des températures  (en °C et dixième)","Températures maximales","Niamtougou","°C","2013M4","34"
"Evolution des températures  (en °C et dixième)","Températures maximales","Niamtougou","°C","2013M5","32"
"Evolution des températures  (en °C et dixième)","Températures maximales","Niamtougou","°C","2013M6","30"
"Evolution des températures  (en °C et dixième)","Températures maximales","Niamtougou","°C","2013M7","29"
"Evolution des températures  (en °C et dixième)","Températures maximales","Niamtougou","°C","2013M8","28"
"Evolution des températures  (en °C et dixième)","Températures maximales","Niamtougou","°C","2013M9","29"
"Evolution des températures  (en °C et dixième)","Températures maximales","Niamtougou","°C","2013M10","32"
"Evolution des températures  (en °C et dixième)","Températures maximales","Niamtougou","°C","2013M11","34"
"Evolution des températures  (en °C et dixième)","Températures maximales","Niamtougou","°C","2013M12","34"
"Evolution des températures  (en °C et dixième)","Températures maximales","Niamtougou","°C","2014M1","34"
"Evolution des températures  (en °C et dixième)","Températures maximales","Niamtougou","°C","2014M2","36"
"Evolution des températures  (en °C et dixième)","Températures maximales","Niamtougou","°C","2014M3","36"
"Evolution des températures  (en °C et dixième)","Températures maximales","Niamtougou","°C","2014M4","34"
"Evolution des températures  (en °C et dixième)","Températures maximales","Niamtougou","°C","2014M5","33"
"Evolution des températures  (en °C et dixième)","Températures maximales","Niamtougou","°C","2014M6","31"
"Evolution des températures  (en °C et dixième)","Températures maximales","Niamtougou","°C","2014M7","29"
"Evolution des températures  (en °C et dixième)","Températures maximales","Niamtougou","°C","2014M8","28"
"Evolution des températures  (en °C et dixième)","Températures maximales","Niamtougou","°C","2014M9","30"
"Evolution des températures  (en °C et dixième)","Températures maximales","Niamtougou","°C","2014M10","32"
"Evolution des températures  (en °C et dixième)","Températures maximales","Niamtougou","°C","2014M11","33"
"Evolution des températures  (en °C et dixième)","Températures maximales","Niamtougou","°C","2014M12","35"
"Evolution des températures  (en °C et dixième)","Températures maximales","Niamtougou","°C","2015M1","33"
"Evolution des températures  (en °C et dixième)","Températures maximales","Niamtougou","°C","2015M2","36"
"Evolution des températures  (en °C et dixième)","Températures maximales","Niamtougou","°C","2015M3","35"
"Evolution des températures  (en °C et dixième)","Températures maximales","Niamtougou","°C","2015M4","36"
"Evolution des températures  (en °C et dixième)","Températures maximales","Niamtougou","°C","2015M5","34"
"Evolution des températures  (en °C et dixième)","Températures maximales","Niamtougou","°C","2015M6","32"
"Evolution des températures  (en °C et dixième)","Températures maximales","Niamtougou","°C","2015M7","30"
"Evolution des températures  (en °C et dixième)","Températures maximales","Niamtougou","°C","2015M8","29"
"Evolution des températures  (en °C et dixième)","Températures maximales","Niamtougou","°C","2015M9","30"
"Evolution des températures  (en °C et dixième)","Températures maximales","Niamtougou","°C","2015M10","33"
"Evolution des températures  (en °C et dixième)","Températures maximales","Niamtougou","°C","2015M11","34"
"Evolution des températures  (en °C et dixième)","Températures maximales","Niamtougou","°C","2015M12","32"
"Evolution des températures  (en °C et dixième)","Températures maximales","Niamtougou","°C","2016M1","33"
"Evolution des températures  (en °C et dixième)","Températures maximales","Niamtougou","°C","2016M2","36"
"Evolution des températures  (en °C et dixième)","Températures maximales","Niamtougou","°C","2016M3","38"
"Evolution des températures  (en °C et dixième)","Températures maximales","Niamtougou","°C","2016M4","34"
"Evolution des températures  (en °C et dixième)","Températures maximales","Niamtougou","°C","2016M5","33"
"Evolution des températures  (en °C et dixième)","Températures maximales","Niamtougou","°C","2016M6","31"
"Evolution des températures  (en °C et dixième)","Températures maximales","Niamtougou","°C","2016M7","29"
"Evolution des températures  (en °C et dixième)","Températures maximales","Niamtougou","°C","2016M8","29"
"Evolution des températures  (en °C et dixième)","Températures maximales","Niamtougou","°C","2016M9","30"
"Evolution des températures  (en °C et dixième)","Températures maximales","Niamtougou","°C","2016M10","33"
"Evolution des températures  (en °C et dixième)","Températures maximales","Niamtougou","°C","2016M11","35"
"Evolution des températures  (en °C et dixième)","Températures maximales","Niamtougou","°C","2016M12","35"
"Evolution des températures  (en °C et dixième)","Températures maximales","Niamtougou","°C","2017M1","35"
"Evolution des températures  (en °C et dixième)","Températures maximales","Niamtougou","°C","2017M2","36"
"Evolution des températures  (en °C et dixième)","Températures maximales","Niamtougou","°C","2017M3","38"
"Evolution des températures  (en °C et dixième)","Températures maximales","Niamtougou","°C","2017M4","35"
"Evolution des températures  (en °C et dixième)","Températures maximales","Niamtougou","°C","2017M5","32"
"Evolution des températures  (en °C et dixième)","Températures maximales","Niamtougou","°C","2017M6","30"
"Evolution des températures  (en °C et dixième)","Températures maximales","Niamtougou","°C","2017M7","29"
"Evolution des températures  (en °C et dixième)","Températures maximales","Niamtougou","°C","2017M8","28"
"Evolution des températures  (en °C et dixième)","Températures maximales","Niamtougou","°C","2017M9","30"
"Evolution des températures  (en °C et dixième)","Températures maximales","Niamtougou","°C","2017M10","33"
"Evolution des températures  (en °C et dixième)","Températures maximales","Niamtougou","°C","2017M11","35"
"Evolution des températures  (en °C et dixième)","Températures maximales","Niamtougou","°C","2017M12","33"
"Evolution des températures  (en °C et dixième)","Températures maximales","Niamtougou","°C","2018M1","33"
"Evolution des températures  (en °C et dixième)","Températures maximales","Niamtougou","°C","2018M2","36"
"Evolution des températures  (en °C et dixième)","Températures maximales","Niamtougou","°C","2018M3","36"
"Evolution des températures  (en °C et dixième)","Températures maximales","Niamtougou","°C","2018M4","35"
"Evolution des températures  (en °C et dixième)","Températures maximales","Niamtougou","°C","2018M5","33"
"Evolution des températures  (en °C et dixième)","Températures maximales","Niamtougou","°C","2018M6","30"
"Evolution des températures  (en °C et dixième)","Températures maximales","Niamtougou","°C","2018M7","29"
"Evolution des températures  (en °C et dixième)","Températures maximales","Niamtougou","°C","2018M8","29"
"Evolution des températures  (en °C et dixième)","Températures maximales","Niamtougou","°C","2018M9","30"
"Evolution des températures  (en °C et dixième)","Températures maximales","Niamtougou","°C","2018M10","32"
"Evolution des températures  (en °C et dixième)","Températures maximales","Niamtougou","°C","2018M11","34"
"Evolution des températures  (en °C et dixième)","Températures maximales","Niamtougou","°C","2018M12","34"
"Evolution des températures  (en °C et dixième)","Températures maximales","Niamtougou","°C","2019M1","35"
"Evolution des températures  (en °C et dixième)","Températures maximales","Niamtougou","°C","2019M2","36"
"Evolution des températures  (en °C et dixième)","Températures maximales","Niamtougou","°C","2019M3","38"
"Evolution des températures  (en °C et dixième)","Températures maximales","Niamtougou","°C","2019M4","36"
"Evolution des températures  (en °C et dixième)","Températures maximales","Niamtougou","°C","2019M5","33"
"Evolution des températures  (en °C et dixième)","Températures maximales","Niamtougou","°C","2019M6","31"
"Evolution des températures  (en °C et dixième)","Températures maximales","Niamtougou","°C","2019M7","29"
"Evolution des températures  (en °C et dixième)","Températures maximales","Niamtougou","°C","2019M8","28"
"Evolution des températures  (en °C et dixième)","Températures maximales","Niamtougou","°C","2019M9","30"
"Evolution des températures  (en °C et dixième)","Températures maximales","Niamtougou","°C","2019M10","30"
"Evolution des températures  (en °C et dixième)","Températures maximales","Niamtougou","°C","2019M11","34"
"Evolution des températures  (en °C et dixième)","Températures maximales","Niamtougou","°C","2019M12","35"
"Evolution des températures  (en °C et dixième)","Températures maximales","Mango","°C","2013M1","36"
"Evolution des températures  (en °C et dixième)","Températures maximales","Mango","°C","2013M2","39"
"Evolution des températures  (en °C et dixième)","Températures maximales","Mango","°C","2013M3","40"
"Evolution des températures  (en °C et dixième)","Températures maximales","Mango","°C","2013M4","37"
"Evolution des températures  (en °C et dixième)","Températures maximales","Mango","°C","2013M5","35"
"Evolution des températures  (en °C et dixième)","Températures maximales","Mango","°C","2013M6","33"
"Evolution des températures  (en °C et dixième)","Températures maximales","Mango","°C","2013M7","32"
"Evolution des températures  (en °C et dixième)","Températures maximales","Mango","°C","2013M8","31"
"Evolution des températures  (en °C et dixième)","Températures maximales","Mango","°C","2013M9","32"
"Evolution des températures  (en °C et dixième)","Températures maximales","Mango","°C","2013M10","35"
"Evolution des températures  (en °C et dixième)","Températures maximales","Mango","°C","2013M11","38"
"Evolution des températures  (en °C et dixième)","Températures maximales","Mango","°C","2013M12","36"
"Evolution des températures  (en °C et dixième)","Températures maximales","Mango","°C","2014M1","36"
"Evolution des températures  (en °C et dixième)","Températures maximales","Mango","°C","2014M2","38"
"Evolution des températures  (en °C et dixième)","Températures maximales","Mango","°C","2014M3","39"
"Evolution des températures  (en °C et dixième)","Températures maximales","Mango","°C","2014M4","37"
"Evolution des températures  (en °C et dixième)","Températures maximales","Mango","°C","2014M5","36"
"Evolution des températures  (en °C et dixième)","Températures maximales","Mango","°C","2014M6","35"
"Evolution des températures  (en °C et dixième)","Températures maximales","Mango","°C","2014M7","33"
"Evolution des températures  (en °C et dixième)","Températures maximales","Mango","°C","2014M8","31"
"Evolution des températures  (en °C et dixième)","Températures maximales","Mango","°C","2014M9","31"
"Evolution des températures  (en °C et dixième)","Températures maximales","Mango","°C","2014M10","35"
"Evolution des températures  (en °C et dixième)","Températures maximales","Mango","°C","2014M11","37"
"Evolution des températures  (en °C et dixième)","Températures maximales","Mango","°C","2014M12","36"
"Evolution des températures  (en °C et dixième)","Températures maximales","Mango","°C","2015M1","35"
"Evolution des températures  (en °C et dixième)","Températures maximales","Mango","°C","2015M2","38"
"Evolution des températures  (en °C et dixième)","Températures maximales","Mango","°C","2015M3","39"
"Evolution des températures  (en °C et dixième)","Températures maximales","Mango","°C","2015M4","39"
"Evolution des températures  (en °C et dixième)","Températures maximales","Mango","°C","2015M5","38"
"Evolution des températures  (en °C et dixième)","Températures maximales","Mango","°C","2015M6","35"
"Evolution des températures  (en °C et dixième)","Températures maximales","Mango","°C","2015M7","32"
"Evolution des températures  (en °C et dixième)","Températures maximales","Mango","°C","2015M8","31"
"Evolution des températures  (en °C et dixième)","Températures maximales","Mango","°C","2015M9","32"
"Evolution des températures  (en °C et dixième)","Températures maximales","Mango","°C","2015M10","34"
"Evolution des températures  (en °C et dixième)","Températures maximales","Mango","°C","2015M11","37"
"Evolution des températures  (en °C et dixième)","Températures maximales","Mango","°C","2015M12","34"
"Evolution des températures  (en °C et dixième)","Températures maximales","Mango","°C","2016M1","37"
"Evolution des températures  (en °C et dixième)","Températures maximales","Mango","°C","2016M2","38"
"Evolution des températures  (en °C et dixième)","Températures maximales","Mango","°C","2016M3","39"
"Evolution des températures  (en °C et dixième)","Températures maximales","Mango","°C","2016M4","39"
"Evolution des températures  (en °C et dixième)","Températures maximales","Mango","°C","2016M5","37"
"Evolution des températures  (en °C et dixième)","Températures maximales","Mango","°C","2016M6","34"
"Evolution des températures  (en °C et dixième)","Températures maximales","Mango","°C","2016M7","31"
"Evolution des températures  (en °C et dixième)","Températures maximales","Mango","°C","2016M8","31"
"Evolution des températures  (en °C et dixième)","Températures maximales","Mango","°C","2016M9","32"
"Evolution des températures  (en °C et dixième)","Températures maximales","Mango","°C","2016M10","36"
"Evolution des températures  (en °C et dixième)","Températures maximales","Mango","°C","2016M11","38"
"Evolution des températures  (en °C et dixième)","Températures maximales","Mango","°C","2016M12","37"
"Evolution des températures  (en °C et dixième)","Températures maximales","Mango","°C","2017M1","36"
"Evolution des températures  (en °C et dixième)","Températures maximales","Mango","°C","2017M2","38"
"Evolution des températures  (en °C et dixième)","Températures maximales","Mango","°C","2017M3","40"
"Evolution des températures  (en °C et dixième)","Températures maximales","Mango","°C","2017M4","39"
"Evolution des températures  (en °C et dixième)","Températures maximales","Mango","°C","2017M5","35"
"Evolution des températures  (en °C et dixième)","Températures maximales","Mango","°C","2017M6","33"
"Evolution des températures  (en °C et dixième)","Températures maximales","Mango","°C","2017M7","31"
"Evolution des températures  (en °C et dixième)","Températures maximales","Mango","°C","2017M8","31"
"Evolution des températures  (en °C et dixième)","Températures maximales","Mango","°C","2017M9","32"
"Evolution des températures  (en °C et dixième)","Températures maximales","Mango","°C","2017M10","36"
"Evolution des températures  (en °C et dixième)","Températures maximales","Mango","°C","2017M11","38"
"Evolution des températures  (en °C et dixième)","Températures maximales","Mango","°C","2017M12","36"
"Evolution des températures  (en °C et dixième)","Températures maximales","Mango","°C","2018M1","36"
"Evolution des températures  (en °C et dixième)","Températures maximales","Mango","°C","2018M2","39"
"Evolution des températures  (en °C et dixième)","Températures maximales","Mango","°C","2018M3","40"
"Evolution des températures  (en °C et dixième)","Températures maximales","Mango","°C","2018M4","40"
"Evolution des températures  (en °C et dixième)","Températures maximales","Mango","°C","2018M5","37"
"Evolution des températures  (en °C et dixième)","Températures maximales","Mango","°C","2018M6","32"
"Evolution des températures  (en °C et dixième)","Températures maximales","Mango","°C","2018M7","32"
"Evolution des températures  (en °C et dixième)","Températures maximales","Mango","°C","2018M8","31"
"Evolution des températures  (en °C et dixième)","Températures maximales","Mango","°C","2018M9","32"
"Evolution des températures  (en °C et dixième)","Températures maximales","Mango","°C","2018M10","35"
"Evolution des températures  (en °C et dixième)","Températures maximales","Mango","°C","2018M11","38"
"Evolution des températures  (en °C et dixième)","Températures maximales","Mango","°C","2018M12","37"
"Evolution des températures  (en °C et dixième)","Températures maximales","Mango","°C","2019M1","37"
"Evolution des températures  (en °C et dixième)","Températures maximales","Mango","°C","2019M2","36"
"Evolution des températures  (en °C et dixième)","Températures maximales","Mango","°C","2019M3","41"
"Evolution des températures  (en °C et dixième)","Températures maximales","Mango","°C","2019M4","40"
"Evolution des températures  (en °C et dixième)","Températures maximales","Mango","°C","2019M5","37"
"Evolution des températures  (en °C et dixième)","Températures maximales","Mango","°C","2019M6","34"
"Evolution des températures  (en °C et dixième)","Températures maximales","Mango","°C","2019M7","33"
"Evolution des températures  (en °C et dixième)","Températures maximales","Mango","°C","2019M8","32"
"Evolution des températures  (en °C et dixième)","Températures maximales","Mango","°C","2019M9","31"
"Evolution des températures  (en °C et dixième)","Températures maximales","Mango","°C","2019M10","34"
"Evolution des températures  (en °C et dixième)","Températures maximales","Mango","°C","2019M11","38"
"Evolution des températures  (en °C et dixième)","Températures maximales","Mango","°C","2019M12","37"
"Evolution des températures  (en °C et dixième)","Températures maximales","Dapaong","°C","2013M1","34"
"Evolution des températures  (en °C et dixième)","Températures maximales","Dapaong","°C","2013M2","34"
"Evolution des températures  (en °C et dixième)","Températures maximales","Dapaong","°C","2013M3","39"
"Evolution des températures  (en °C et dixième)","Températures maximales","Dapaong","°C","2013M4","36"
"Evolution des températures  (en °C et dixième)","Températures maximales","Dapaong","°C","2013M5","35"
"Evolution des températures  (en °C et dixième)","Températures maximales","Dapaong","°C","2013M6","32"
"Evolution des températures  (en °C et dixième)","Températures maximales","Dapaong","°C","2013M7","30"
"Evolution des températures  (en °C et dixième)","Températures maximales","Dapaong","°C","2013M8","29"
"Evolution des températures  (en °C et dixième)","Températures maximales","Dapaong","°C","2013M9","30"
"Evolution des températures  (en °C et dixième)","Températures maximales","Dapaong","°C","2013M10","34"
"Evolution des températures  (en °C et dixième)","Températures maximales","Dapaong","°C","2013M11","37"
"Evolution des températures  (en °C et dixième)","Températures maximales","Dapaong","°C","2013M12","34"
"Evolution des températures  (en °C et dixième)","Températures maximales","Dapaong","°C","2014M1","35"
"Evolution des températures  (en °C et dixième)","Températures maximales","Dapaong","°C","2014M2","37"
"Evolution des températures  (en °C et dixième)","Températures maximales","Dapaong","°C","2014M3","38"
"Evolution des températures  (en °C et dixième)","Températures maximales","Dapaong","°C","2014M4","37"
"Evolution des températures  (en °C et dixième)","Températures maximales","Dapaong","°C","2014M5","35"
"Evolution des températures  (en °C et dixième)","Températures maximales","Dapaong","°C","2014M6","33"
"Evolution des températures  (en °C et dixième)","Températures maximales","Dapaong","°C","2014M7","31"
"Evolution des températures  (en °C et dixième)","Températures maximales","Dapaong","°C","2014M8","30"
"Evolution des températures  (en °C et dixième)","Températures maximales","Dapaong","°C","2014M9","30"
"Evolution des températures  (en °C et dixième)","Températures maximales","Dapaong","°C","2014M10","33"
"Evolution des températures  (en °C et dixième)","Températures maximales","Dapaong","°C","2014M11","36"
"Evolution des températures  (en °C et dixième)","Températures maximales","Dapaong","°C","2014M12","35"
"Evolution des températures  (en °C et dixième)","Températures maximales","Dapaong","°C","2015M1","33"
"Evolution des températures  (en °C et dixième)","Températures maximales","Dapaong","°C","2015M2","38"
"Evolution des températures  (en °C et dixième)","Températures maximales","Dapaong","°C","2015M3","38"
"Evolution des températures  (en °C et dixième)","Températures maximales","Dapaong","°C","2015M4","39"
"Evolution des températures  (en °C et dixième)","Températures maximales","Dapaong","°C","2015M5","38"
"Evolution des températures  (en °C et dixième)","Températures maximales","Dapaong","°C","2015M6","34"
"Evolution des températures  (en °C et dixième)","Températures maximales","Dapaong","°C","2015M7","32"
"Evolution des températures  (en °C et dixième)","Températures maximales","Dapaong","°C","2015M8","30"
"Evolution des températures  (en °C et dixième)","Températures maximales","Dapaong","°C","2015M9","31"
"Evolution des températures  (en °C et dixième)","Températures maximales","Dapaong","°C","2015M10","33"
"Evolution des températures  (en °C et dixième)","Températures maximales","Dapaong","°C","2015M11","36"
"Evolution des températures  (en °C et dixième)","Températures maximales","Dapaong","°C","2015M12","32"
"Evolution des températures  (en °C et dixième)","Températures maximales","Dapaong","°C","2016M1","34"
"Evolution des températures  (en °C et dixième)","Températures maximales","Dapaong","°C","2016M2","36"
"Evolution des températures  (en °C et dixième)","Températures maximales","Dapaong","°C","2016M3","38"
"Evolution des températures  (en °C et dixième)","Températures maximales","Dapaong","°C","2016M4","38"
"Evolution des températures  (en °C et dixième)","Températures maximales","Dapaong","°C","2016M5","36"
"Evolution des températures  (en °C et dixième)","Températures maximales","Dapaong","°C","2016M6","32"
"Evolution des températures  (en °C et dixième)","Températures maximales","Dapaong","°C","2016M7","30"
"Evolution des températures  (en °C et dixième)","Températures maximales","Dapaong","°C","2016M8","30"
"Evolution des températures  (en °C et dixième)","Températures maximales","Dapaong","°C","2016M9","31"
"Evolution des températures  (en °C et dixième)","Températures maximales","Dapaong","°C","2016M10","34"
"Evolution des températures  (en °C et dixième)","Températures maximales","Dapaong","°C","2016M11","37"
"Evolution des températures  (en °C et dixième)","Températures maximales","Dapaong","°C","2016M12","37"
"Evolution des températures  (en °C et dixième)","Températures maximales","Dapaong","°C","2017M1","35"
"Evolution des températures  (en °C et dixième)","Températures maximales","Dapaong","°C","2017M2","37"
"Evolution des températures  (en °C et dixième)","Températures maximales","Dapaong","°C","2017M3","40"
"Evolution des températures  (en °C et dixième)","Températures maximales","Dapaong","°C","2017M4","39"
"Evolution des températures  (en °C et dixième)","Températures maximales","Dapaong","°C","2017M5","35"
"Evolution des températures  (en °C et dixième)","Températures maximales","Dapaong","°C","2017M6","32"
"Evolution des températures  (en °C et dixième)","Températures maximales","Dapaong","°C","2017M7","30"
"Evolution des températures  (en °C et dixième)","Températures maximales","Dapaong","°C","2017M8","30"
"Evolution des températures  (en °C et dixième)","Températures maximales","Dapaong","°C","2017M9","31"
"Evolution des températures  (en °C et dixième)","Températures maximales","Dapaong","°C","2017M10","34"
"Evolution des températures  (en °C et dixième)","Températures maximales","Dapaong","°C","2017M11","37"
"Evolution des températures  (en °C et dixième)","Températures maximales","Dapaong","°C","2017M12","35"
"Evolution des températures  (en °C et dixième)","Températures maximales","Dapaong","°C","2018M1","33"
"Evolution des températures  (en °C et dixième)","Températures maximales","Dapaong","°C","2018M2","37"
"Evolution des températures  (en °C et dixième)","Températures maximales","Dapaong","°C","2018M3","39"
"Evolution des températures  (en °C et dixième)","Températures maximales","Dapaong","°C","2018M4","39"
"Evolution des températures  (en °C et dixième)","Températures maximales","Dapaong","°C","2018M5","36"
"Evolution des températures  (en °C et dixième)","Températures maximales","Dapaong","°C","2018M6","32"
"Evolution des températures  (en °C et dixième)","Températures maximales","Dapaong","°C","2018M7","30"
"Evolution des températures  (en °C et dixième)","Températures maximales","Dapaong","°C","2018M8","30"
"Evolution des températures  (en °C et dixième)","Températures maximales","Dapaong","°C","2018M9","31"
"Evolution des températures  (en °C et dixième)","Températures maximales","Dapaong","°C","2018M10","34"
"Evolution des températures  (en °C et dixième)","Températures maximales","Dapaong","°C","2018M11","37"
"Evolution des températures  (en °C et dixième)","Températures maximales","Dapaong","°C","2018M12","34"
"Evolution des températures  (en °C et dixième)","Températures maximales","Dapaong","°C","2019M1","35"
"Evolution des températures  (en °C et dixième)","Températures maximales","Dapaong","°C","2019M2","36"
"Evolution des températures  (en °C et dixième)","Températures maximales","Dapaong","°C","2019M3","39"
"Evolution des températures  (en °C et dixième)","Températures maximales","Dapaong","°C","2019M4","39"
"Evolution des températures  (en °C et dixième)","Températures maximales","Dapaong","°C","2019M5","36"
"Evolution des températures  (en °C et dixième)","Températures maximales","Dapaong","°C","2019M6","33"
"Evolution des températures  (en °C et dixième)","Températures maximales","Dapaong","°C","2019M7","31"
"Evolution des températures  (en °C et dixième)","Températures maximales","Dapaong","°C","2019M8","30"
"Evolution des températures  (en °C et dixième)","Températures maximales","Dapaong","°C","2019M9","31"
"Evolution des températures  (en °C et dixième)","Températures maximales","Dapaong","°C","2019M10","32"
"Evolution des températures  (en °C et dixième)","Températures maximales","Dapaong","°C","2019M11","37"
"Evolution des températures  (en °C et dixième)","Températures maximales","Dapaong","°C","2019M12","35"
"Evolution des températures  (en °C et dixième)","Températures minimales","Lomé","°C","2013M1","24"
"Evolution des températures  (en °C et dixième)","Températures minimales","Lomé","°C","2013M2","26"
"Evolution des températures  (en °C et dixième)","Températures minimales","Lomé","°C","2013M3","26"
"Evolution des températures  (en °C et dixième)","Températures minimales","Lomé","°C","2013M4","25"
"Evolution des températures  (en °C et dixième)","Températures minimales","Lomé","°C","2013M5","25"
"Evolution des températures  (en °C et dixième)","Températures minimales","Lomé","°C","2013M6","24"
"Evolution des températures  (en °C et dixième)","Températures minimales","Lomé","°C","2013M7","24"
"Evolution des températures  (en °C et dixième)","Températures minimales","Lomé","°C","2013M8","23"
"Evolution des températures  (en °C et dixième)","Températures minimales","Lomé","°C","2013M9","24"
"Evolution des températures  (en °C et dixième)","Températures minimales","Lomé","°C","2013M10","24"
"Evolution des températures  (en °C et dixième)","Températures minimales","Lomé","°C","2013M11","25"
"Evolution des températures  (en °C et dixième)","Températures minimales","Lomé","°C","2013M12","25"
"Evolution des températures  (en °C et dixième)","Températures minimales","Lomé","°C","2014M1","25"
"Evolution des températures  (en °C et dixième)","Températures minimales","Lomé","°C","2014M2","24"
"Evolution des températures  (en °C et dixième)","Températures minimales","Lomé","°C","2014M3","25"
"Evolution des températures  (en °C et dixième)","Températures minimales","Lomé","°C","2014M4","25"
"Evolution des températures  (en °C et dixième)","Températures minimales","Lomé","°C","2014M5","25"
"Evolution des températures  (en °C et dixième)","Températures minimales","Lomé","°C","2014M6","24"
"Evolution des températures  (en °C et dixième)","Températures minimales","Lomé","°C","2014M7","24"
"Evolution des températures  (en °C et dixième)","Températures minimales","Lomé","°C","2014M8","23"
"Evolution des températures  (en °C et dixième)","Températures minimales","Lomé","°C","2014M9","24"
"Evolution des températures  (en °C et dixième)","Températures minimales","Lomé","°C","2014M10","24"
"Evolution des températures  (en °C et dixième)","Températures minimales","Lomé","°C","2014M11","25"
"Evolution des températures  (en °C et dixième)","Températures minimales","Lomé","°C","2014M12","25"
"Evolution des températures  (en °C et dixième)","Températures minimales","Lomé","°C","2015M1","23"
"Evolution des températures  (en °C et dixième)","Températures minimales","Lomé","°C","2015M2","26"
"Evolution des températures  (en °C et dixième)","Températures minimales","Lomé","°C","2015M3","26"
"Evolution des températures  (en °C et dixième)","Températures minimales","Lomé","°C","2015M4","26"
"Evolution des températures  (en °C et dixième)","Températures minimales","Lomé","°C","2015M5","26"
"Evolution des températures  (en °C et dixième)","Températures minimales","Lomé","°C","2015M6","24"
"Evolution des températures  (en °C et dixième)","Températures minimales","Lomé","°C","2015M7","24"
"Evolution des températures  (en °C et dixième)","Températures minimales","Lomé","°C","2015M8","24"
"Evolution des températures  (en °C et dixième)","Températures minimales","Lomé","°C","2015M9","24"
"Evolution des températures  (en °C et dixième)","Températures minimales","Lomé","°C","2015M10","25"
"Evolution des températures  (en °C et dixième)","Températures minimales","Lomé","°C","2015M11","25"
"Evolution des températures  (en °C et dixième)","Températures minimales","Lomé","°C","2015M12","23"
"Evolution des températures  (en °C et dixième)","Températures minimales","Lomé","°C","2016M1","24"
"Evolution des températures  (en °C et dixième)","Températures minimales","Lomé","°C","2016M2","27"
"Evolution des températures  (en °C et dixième)","Températures minimales","Lomé","°C","2016M3","26"
"Evolution des températures  (en °C et dixième)","Températures minimales","Lomé","°C","2016M4","26"
"Evolution des températures  (en °C et dixième)","Températures minimales","Lomé","°C","2016M5","26"
"Evolution des températures  (en °C et dixième)","Températures minimales","Lomé","°C","2016M6","24"
"Evolution des températures  (en °C et dixième)","Températures minimales","Lomé","°C","2016M7","24"
"Evolution des températures  (en °C et dixième)","Températures minimales","Lomé","°C","2016M8","24"
"Evolution des températures  (en °C et dixième)","Températures minimales","Lomé","°C","2016M9","24"
"Evolution des températures  (en °C et dixième)","Températures minimales","Lomé","°C","2016M10","25"
"Evolution des températures  (en °C et dixième)","Températures minimales","Lomé","°C","2016M11","26"
"Evolution des températures  (en °C et dixième)","Températures minimales","Lomé","°C","2016M12","27"
"Evolution des températures  (en °C et dixième)","Températures minimales","Lomé","°C","2017M1","25"
"Evolution des températures  (en °C et dixième)","Températures minimales","Lomé","°C","2017M2","26"
"Evolution des températures  (en °C et dixième)","Températures minimales","Lomé","°C","2017M3","27"
"Evolution des températures  (en °C et dixième)","Températures minimales","Lomé","°C","2017M4","26"
"Evolution des températures  (en °C et dixième)","Températures minimales","Lomé","°C","2017M5","25"
"Evolution des températures  (en °C et dixième)","Températures minimales","Lomé","°C","2017M6","24"
"Evolution des températures  (en °C et dixième)","Températures minimales","Lomé","°C","2017M7","24"
"Evolution des températures  (en °C et dixième)","Températures minimales","Lomé","°C","2017M8","23"
"Evolution des températures  (en °C et dixième)","Températures minimales","Lomé","°C","2017M9","24"
"Evolution des températures  (en °C et dixième)","Températures minimales","Lomé","°C","2017M10","25"
"Evolution des températures  (en °C et dixième)","Températures minimales","Lomé","°C","2017M11","25"
"Evolution des températures  (en °C et dixième)","Températures minimales","Lomé","°C","2017M12","25"
"Evolution des températures  (en °C et dixième)","Températures minimales","Lomé","°C","2018M1","24"
"Evolution des températures  (en °C et dixième)","Températures minimales","Lomé","°C","2018M2","26"
"Evolution des températures  (en °C et dixième)","Températures minimales","Lomé","°C","2018M3","24"
"Evolution des températures  (en °C et dixième)","Températures minimales","Lomé","°C","2018M4","26"
"Evolution des températures  (en °C et dixième)","Températures minimales","Lomé","°C","2018M5","25"
"Evolution des températures  (en °C et dixième)","Températures minimales","Lomé","°C","2018M6","24"
"Evolution des températures  (en °C et dixième)","Températures minimales","Lomé","°C","2018M7","24"
"Evolution des températures  (en °C et dixième)","Températures minimales","Lomé","°C","2018M8","24"
"Evolution des températures  (en °C et dixième)","Températures minimales","Lomé","°C","2018M9","24"
"Evolution des températures  (en °C et dixième)","Températures minimales","Lomé","°C","2018M10","24"
"Evolution des températures  (en °C et dixième)","Températures minimales","Lomé","°C","2018M11","25"
"Evolution des températures  (en °C et dixième)","Températures minimales","Lomé","°C","2018M12","25"
"Evolution des températures  (en °C et dixième)","Températures minimales","Lomé","°C","2019M1","25"
"Evolution des températures  (en °C et dixième)","Températures minimales","Lomé","°C","2019M2","27"
"Evolution des températures  (en °C et dixième)","Températures minimales","Lomé","°C","2019M3","26"
"Evolution des températures  (en °C et dixième)","Températures minimales","Lomé","°C","2019M4","27"
"Evolution des températures  (en °C et dixième)","Températures minimales","Lomé","°C","2019M5","25"
"Evolution des températures  (en °C et dixième)","Températures minimales","Lomé","°C","2019M6","25"
"Evolution des températures  (en °C et dixième)","Températures minimales","Lomé","°C","2019M7","24"
"Evolution des températures  (en °C et dixième)","Températures minimales","Lomé","°C","2019M8","24"
"Evolution des températures  (en °C et dixième)","Températures minimales","Lomé","°C","2019M9","24"
"Evolution des températures  (en °C et dixième)","Températures minimales","Lomé","°C","2019M10","24"
"Evolution des températures  (en °C et dixième)","Températures minimales","Lomé","°C","2019M11","25"
"Evolution des températures  (en °C et dixième)","Températures minimales","Lomé","°C","2019M12","25"
"Evolution des températures  (en °C et dixième)","Températures minimales","Tabligbo","°C","2013M1","22"
"Evolution des températures  (en °C et dixième)","Températures minimales","Tabligbo","°C","2013M2","24"
"Evolution des températures  (en °C et dixième)","Températures minimales","Tabligbo","°C","2013M3","25"
"Evolution des températures  (en °C et dixième)","Températures minimales","Tabligbo","°C","2013M4","24"
"Evolution des températures  (en °C et dixième)","Températures minimales","Tabligbo","°C","2013M5","23"
"Evolution des températures  (en °C et dixième)","Températures minimales","Tabligbo","°C","2013M6","23"
"Evolution des températures  (en °C et dixième)","Températures minimales","Tabligbo","°C","2013M7","21"
"Evolution des températures  (en °C et dixième)","Températures minimales","Tabligbo","°C","2013M8","22"
"Evolution des températures  (en °C et dixième)","Températures minimales","Tabligbo","°C","2013M9","23"
"Evolution des températures  (en °C et dixième)","Températures minimales","Tabligbo","°C","2013M10","23"
"Evolution des températures  (en °C et dixième)","Températures minimales","Tabligbo","°C","2013M11","23"
"Evolution des températures  (en °C et dixième)","Températures minimales","Tabligbo","°C","2013M12","23"
"Evolution des températures  (en °C et dixième)","Températures minimales","Tabligbo","°C","2014M1","24"
"Evolution des températures  (en °C et dixième)","Températures minimales","Tabligbo","°C","2014M2","22"
"Evolution des températures  (en °C et dixième)","Températures minimales","Tabligbo","°C","2014M3","24"
"Evolution des températures  (en °C et dixième)","Températures minimales","Tabligbo","°C","2014M4","24"
"Evolution des températures  (en °C et dixième)","Températures minimales","Tabligbo","°C","2014M5","24"
"Evolution des températures  (en °C et dixième)","Températures minimales","Tabligbo","°C","2014M6","23"
"Evolution des températures  (en °C et dixième)","Températures minimales","Tabligbo","°C","2014M7","23"
"Evolution des températures  (en °C et dixième)","Températures minimales","Tabligbo","°C","2014M8","22"
"Evolution des températures  (en °C et dixième)","Températures minimales","Tabligbo","°C","2014M9","23"
"Evolution des températures  (en °C et dixième)","Températures minimales","Tabligbo","°C","2014M10","23"
"Evolution des températures  (en °C et dixième)","Températures minimales","Tabligbo","°C","2014M11","23"
"Evolution des températures  (en °C et dixième)","Températures minimales","Tabligbo","°C","2014M12","22"
"Evolution des températures  (en °C et dixième)","Températures minimales","Tabligbo","°C","2015M1","20"
"Evolution des températures  (en °C et dixième)","Températures minimales","Tabligbo","°C","2015M2","25"
"Evolution des températures  (en °C et dixième)","Températures minimales","Tabligbo","°C","2015M3","24"
"Evolution des températures  (en °C et dixième)","Températures minimales","Tabligbo","°C","2015M4","25"
"Evolution des températures  (en °C et dixième)","Températures minimales","Tabligbo","°C","2015M5","24"
"Evolution des températures  (en °C et dixième)","Températures minimales","Tabligbo","°C","2015M6","23"
"Evolution des températures  (en °C et dixième)","Températures minimales","Tabligbo","°C","2015M7","23"
"Evolution des températures  (en °C et dixième)","Températures minimales","Tabligbo","°C","2015M8","23"
"Evolution des températures  (en °C et dixième)","Températures minimales","Tabligbo","°C","2015M9","23"
"Evolution des températures  (en °C et dixième)","Températures minimales","Tabligbo","°C","2015M10","24"
"Evolution des températures  (en °C et dixième)","Températures minimales","Tabligbo","°C","2015M11","23"
"Evolution des températures  (en °C et dixième)","Températures minimales","Tabligbo","°C","2015M12","20"
"Evolution des températures  (en °C et dixième)","Températures minimales","Tabligbo","°C","2016M1","22"
"Evolution des températures  (en °C et dixième)","Températures minimales","Tabligbo","°C","2016M2","25"
"Evolution des températures  (en °C et dixième)","Températures minimales","Tabligbo","°C","2016M3","26"
"Evolution des températures  (en °C et dixième)","Températures minimales","Tabligbo","°C","2016M4","25"
"Evolution des températures  (en °C et dixième)","Températures minimales","Tabligbo","°C","2016M5","24"
"Evolution des températures  (en °C et dixième)","Températures minimales","Tabligbo","°C","2016M6","23"
"Evolution des températures  (en °C et dixième)","Températures minimales","Tabligbo","°C","2016M7","23"
"Evolution des températures  (en °C et dixième)","Températures minimales","Tabligbo","°C","2016M8","23"
"Evolution des températures  (en °C et dixième)","Températures minimales","Tabligbo","°C","2016M9","23"
"Evolution des températures  (en °C et dixième)","Températures minimales","Tabligbo","°C","2016M10","23"
"Evolution des températures  (en °C et dixième)","Températures minimales","Tabligbo","°C","2016M11","24"
"Evolution des températures  (en °C et dixième)","Températures minimales","Tabligbo","°C","2016M12","23"
"Evolution des températures  (en °C et dixième)","Températures minimales","Tabligbo","°C","2017M1","23"
"Evolution des températures  (en °C et dixième)","Températures minimales","Tabligbo","°C","2017M2","24"
"Evolution des températures  (en °C et dixième)","Températures minimales","Tabligbo","°C","2017M3","25"
"Evolution des températures  (en °C et dixième)","Températures minimales","Tabligbo","°C","2017M4","24"
"Evolution des températures  (en °C et dixième)","Températures minimales","Tabligbo","°C","2017M5","24"
"Evolution des températures  (en °C et dixième)","Températures minimales","Tabligbo","°C","2017M6","24"
"Evolution des températures  (en °C et dixième)","Températures minimales","Tabligbo","°C","2017M7","23"
"Evolution des températures  (en °C et dixième)","Températures minimales","Tabligbo","°C","2017M8","22"
"Evolution des températures  (en °C et dixième)","Températures minimales","Tabligbo","°C","2017M9","23"
"Evolution des températures  (en °C et dixième)","Températures minimales","Tabligbo","°C","2017M10","24"
"Evolution des températures  (en °C et dixième)","Températures minimales","Tabligbo","°C","2017M11","23"
"Evolution des températures  (en °C et dixième)","Températures minimales","Tabligbo","°C","2017M12","23"
"Evolution des températures  (en °C et dixième)","Températures minimales","Tabligbo","°C","2018M1","22"
"Evolution des températures  (en °C et dixième)","Températures minimales","Tabligbo","°C","2018M2","25"
"Evolution des températures  (en °C et dixième)","Températures minimales","Tabligbo","°C","2018M3","25"
"Evolution des températures  (en °C et dixième)","Températures minimales","Tabligbo","°C","2018M4","24"
"Evolution des températures  (en °C et dixième)","Températures minimales","Tabligbo","°C","2018M5","25"
"Evolution des températures  (en °C et dixième)","Températures minimales","Tabligbo","°C","2018M6","23"
"Evolution des températures  (en °C et dixième)","Températures minimales","Tabligbo","°C","2018M7","23"
"Evolution des températures  (en °C et dixième)","Températures minimales","Tabligbo","°C","2018M8","23"
"Evolution des températures  (en °C et dixième)","Températures minimales","Tabligbo","°C","2018M9","23"
"Evolution des températures  (en °C et dixième)","Températures minimales","Tabligbo","°C","2018M10","23"
"Evolution des températures  (en °C et dixième)","Températures minimales","Tabligbo","°C","2018M11","24"
"Evolution des températures  (en °C et dixième)","Températures minimales","Tabligbo","°C","2018M12","22"
"Evolution des températures  (en °C et dixième)","Températures minimales","Tabligbo","°C","2019M1","24"
"Evolution des températures  (en °C et dixième)","Températures minimales","Tabligbo","°C","2019M2","25"
"Evolution des températures  (en °C et dixième)","Températures minimales","Tabligbo","°C","2019M3","25"
"Evolution des températures  (en °C et dixième)","Températures minimales","Tabligbo","°C","2019M4","25"
"Evolution des températures  (en °C et dixième)","Températures minimales","Tabligbo","°C","2019M5","25"
"Evolution des températures  (en °C et dixième)","Températures minimales","Tabligbo","°C","2019M6","23"
"Evolution des températures  (en °C et dixième)","Températures minimales","Tabligbo","°C","2019M7","23"
"Evolution des températures  (en °C et dixième)","Températures minimales","Tabligbo","°C","2019M8","23"
"Evolution des températures  (en °C et dixième)","Températures minimales","Tabligbo","°C","2019M9","23"
"Evolution des températures  (en °C et dixième)","Températures minimales","Tabligbo","°C","2019M10","24"
"Evolution des températures  (en °C et dixième)","Températures minimales","Tabligbo","°C","2019M11","23"
"Evolution des températures  (en °C et dixième)","Températures minimales","Tabligbo","°C","2019M12","23"
"Evolution des températures  (en °C et dixième)","Températures minimales","Kouma konda","°C","2013M1","21"
"Evolution des températures  (en °C et dixième)","Températures minimales","Kouma konda","°C","2013M2","21"
"Evolution des températures  (en °C et dixième)","Températures minimales","Kouma konda","°C","2013M3","22"
"Evolution des températures  (en °C et dixième)","Températures minimales","Kouma konda","°C","2013M4","21"
"Evolution des températures  (en °C et dixième)","Températures minimales","Kouma konda","°C","2013M5","21"
"Evolution des températures  (en °C et dixième)","Températures minimales","Kouma konda","°C","2013M6","20"
"Evolution des températures  (en °C et dixième)","Températures minimales","Kouma konda","°C","2013M7","20"
"Evolution des températures  (en °C et dixième)","Températures minimales","Kouma konda","°C","2013M8","19"
"Evolution des températures  (en °C et dixième)","Températures minimales","Kouma konda","°C","2013M9","20"
"Evolution des températures  (en °C et dixième)","Températures minimales","Kouma konda","°C","2013M10","20"
"Evolution des températures  (en °C et dixième)","Températures minimales","Kouma konda","°C","2013M11","20"
"Evolution des températures  (en °C et dixième)","Températures minimales","Kouma konda","°C","2013M12","20"
"Evolution des températures  (en °C et dixième)","Températures minimales","Kouma konda","°C","2014M1","21"
"Evolution des températures  (en °C et dixième)","Températures minimales","Kouma konda","°C","2014M2","21"
"Evolution des températures  (en °C et dixième)","Températures minimales","Kouma konda","°C","2014M3","21"
"Evolution des températures  (en °C et dixième)","Températures minimales","Kouma konda","°C","2014M4","21"
"Evolution des températures  (en °C et dixième)","Températures minimales","Kouma konda","°C","2014M5","21"
"Evolution des températures  (en °C et dixième)","Températures minimales","Kouma konda","°C","2014M6","20"
"Evolution des températures  (en °C et dixième)","Températures minimales","Kouma konda","°C","2014M7","20"
"Evolution des températures  (en °C et dixième)","Températures minimales","Kouma konda","°C","2014M8","19"
"Evolution des températures  (en °C et dixième)","Températures minimales","Kouma konda","°C","2014M9","20"
"Evolution des températures  (en °C et dixième)","Températures minimales","Kouma konda","°C","2014M10","20"
"Evolution des températures  (en °C et dixième)","Températures minimales","Kouma konda","°C","2014M11","20"
"Evolution des températures  (en °C et dixième)","Températures minimales","Kouma konda","°C","2014M12","20"
"Evolution des températures  (en °C et dixième)","Températures minimales","Kouma konda","°C","2015M1","20"
"Evolution des températures  (en °C et dixième)","Températures minimales","Kouma konda","°C","2015M2","21"
"Evolution des températures  (en °C et dixième)","Températures minimales","Kouma konda","°C","2015M3","21"
"Evolution des températures  (en °C et dixième)","Températures minimales","Kouma konda","°C","2015M4","21"
"Evolution des températures  (en °C et dixième)","Températures minimales","Kouma konda","°C","2015M5","21"
"Evolution des températures  (en °C et dixième)","Températures minimales","Kouma konda","°C","2015M6","20"
"Evolution des températures  (en °C et dixième)","Températures minimales","Kouma konda","°C","2015M7","19"
"Evolution des températures  (en °C et dixième)","Températures minimales","Kouma konda","°C","2015M8","20"
"Evolution des températures  (en °C et dixième)","Températures minimales","Kouma konda","°C","2015M9","20"
"Evolution des températures  (en °C et dixième)","Températures minimales","Kouma konda","°C","2015M10","20"
"Evolution des températures  (en °C et dixième)","Températures minimales","Kouma konda","°C","2015M11","21"
"Evolution des températures  (en °C et dixième)","Températures minimales","Kouma konda","°C","2015M12","21"
"Evolution des températures  (en °C et dixième)","Températures minimales","Kouma konda","°C","2016M1","21"
"Evolution des températures  (en °C et dixième)","Températures minimales","Kouma konda","°C","2016M2","22"
"Evolution des températures  (en °C et dixième)","Températures minimales","Kouma konda","°C","2016M3","22"
"Evolution des températures  (en °C et dixième)","Températures minimales","Kouma konda","°C","2016M4","22"
"Evolution des températures  (en °C et dixième)","Températures minimales","Kouma konda","°C","2016M5","22"
"Evolution des températures  (en °C et dixième)","Températures minimales","Kouma konda","°C","2016M6","20"
"Evolution des températures  (en °C et dixième)","Températures minimales","Kouma konda","°C","2016M7","20"
"Evolution des températures  (en °C et dixième)","Températures minimales","Kouma konda","°C","2016M8","20"
"Evolution des températures  (en °C et dixième)","Températures minimales","Kouma konda","°C","2016M9","20"
"Evolution des températures  (en °C et dixième)","Températures minimales","Kouma konda","°C","2016M10","20"
"Evolution des températures  (en °C et dixième)","Températures minimales","Kouma konda","°C","2016M11","21"
"Evolution des températures  (en °C et dixième)","Températures minimales","Kouma konda","°C","2016M12","21"
"Evolution des températures  (en °C et dixième)","Températures minimales","Kouma konda","°C","2017M1","21"
"Evolution des températures  (en °C et dixième)","Températures minimales","Kouma konda","°C","2017M2","22"
"Evolution des températures  (en °C et dixième)","Températures minimales","Kouma konda","°C","2017M3","22"
"Evolution des températures  (en °C et dixième)","Températures minimales","Kouma konda","°C","2017M4","22"
"Evolution des températures  (en °C et dixième)","Températures minimales","Kouma konda","°C","2017M5","21"
"Evolution des températures  (en °C et dixième)","Températures minimales","Kouma konda","°C","2017M6","21"
"Evolution des températures  (en °C et dixième)","Températures minimales","Kouma konda","°C","2017M7","20"
"Evolution des températures  (en °C et dixième)","Températures minimales","Kouma konda","°C","2017M8","20"
"Evolution des températures  (en °C et dixième)","Températures minimales","Kouma konda","°C","2017M9","20"
"Evolution des températures  (en °C et dixième)","Températures minimales","Kouma konda","°C","2017M10","21"
"Evolution des températures  (en °C et dixième)","Températures minimales","Kouma konda","°C","2017M11","21"
"Evolution des températures  (en °C et dixième)","Températures minimales","Kouma konda","°C","2017M12","21"
"Evolution des températures  (en °C et dixième)","Températures minimales","Kouma konda","°C","2018M1","21"
"Evolution des températures  (en °C et dixième)","Températures minimales","Kouma konda","°C","2018M2","21"
"Evolution des températures  (en °C et dixième)","Températures minimales","Kouma konda","°C","2018M3","21"
"Evolution des températures  (en °C et dixième)","Températures minimales","Kouma konda","°C","2018M4","21"
"Evolution des températures  (en °C et dixième)","Températures minimales","Kouma konda","°C","2018M5","21"
"Evolution des températures  (en °C et dixième)","Températures minimales","Kouma konda","°C","2018M6","21"
"Evolution des températures  (en °C et dixième)","Températures minimales","Kouma konda","°C","2018M7","21"
"Evolution des températures  (en °C et dixième)","Températures minimales","Kouma konda","°C","2018M8","20"
"Evolution des températures  (en °C et dixième)","Températures minimales","Kouma konda","°C","2018M9","20"
"Evolution des températures  (en °C et dixième)","Températures minimales","Kouma konda","°C","2018M10","20"
"Evolution des températures  (en °C et dixième)","Températures minimales","Kouma konda","°C","2018M11","21"
"Evolution des températures  (en °C et dixième)","Températures minimales","Kouma konda","°C","2018M12","21"
"Evolution des températures  (en °C et dixième)","Températures minimales","Kouma konda","°C","2019M1","21"
"Evolution des températures  (en °C et dixième)","Températures minimales","Kouma konda","°C","2019M2","22"
"Evolution des températures  (en °C et dixième)","Températures minimales","Kouma konda","°C","2019M3","22"
"Evolution des températures  (en °C et dixième)","Températures minimales","Kouma konda","°C","2019M4","22"
"Evolution des températures  (en °C et dixième)","Températures minimales","Kouma konda","°C","2019M5","21"
"Evolution des températures  (en °C et dixième)","Températures minimales","Kouma konda","°C","2019M6","22"
"Evolution des températures  (en °C et dixième)","Températures minimales","Kouma konda","°C","2019M7","20"
"Evolution des températures  (en °C et dixième)","Températures minimales","Kouma konda","°C","2019M8","20"
"Evolution des températures  (en °C et dixième)","Températures minimales","Kouma konda","°C","2019M9","20"
"Evolution des températures  (en °C et dixième)","Températures minimales","Kouma konda","°C","2019M10","21"
"Evolution des températures  (en °C et dixième)","Températures minimales","Kouma konda","°C","2019M11","21"
"Evolution des températures  (en °C et dixième)","Températures minimales","Kouma konda","°C","2019M12","21"
"Evolution des températures  (en °C et dixième)","Températures minimales","Atakpamé","°C","2013M1","23"
"Evolution des températures  (en °C et dixième)","Températures minimales","Atakpamé","°C","2013M2","23"
"Evolution des températures  (en °C et dixième)","Températures minimales","Atakpamé","°C","2013M3","23"
"Evolution des températures  (en °C et dixième)","Températures minimales","Atakpamé","°C","2013M4","22"
"Evolution des températures  (en °C et dixième)","Températures minimales","Atakpamé","°C","2013M5","22"
"Evolution des températures  (en °C et dixième)","Températures minimales","Atakpamé","°C","2013M6","21"
"Evolution des températures  (en °C et dixième)","Températures minimales","Atakpamé","°C","2013M7","20"
"Evolution des températures  (en °C et dixième)","Températures minimales","Atakpamé","°C","2013M8","21"
"Evolution des températures  (en °C et dixième)","Températures minimales","Atakpamé","°C","2013M9","21"
"Evolution des températures  (en °C et dixième)","Températures minimales","Atakpamé","°C","2013M10","21"
"Evolution des températures  (en °C et dixième)","Températures minimales","Atakpamé","°C","2013M11","22"
"Evolution des températures  (en °C et dixième)","Températures minimales","Atakpamé","°C","2013M12","22"
"Evolution des températures  (en °C et dixième)","Températures minimales","Atakpamé","°C","2014M1","22"
"Evolution des températures  (en °C et dixième)","Températures minimales","Atakpamé","°C","2014M2","23"
"Evolution des températures  (en °C et dixième)","Températures minimales","Atakpamé","°C","2014M3","22"
"Evolution des températures  (en °C et dixième)","Températures minimales","Atakpamé","°C","2014M4","23"
"Evolution des températures  (en °C et dixième)","Températures minimales","Atakpamé","°C","2014M5","23"
"Evolution des températures  (en °C et dixième)","Températures minimales","Atakpamé","°C","2014M6","22"
"Evolution des températures  (en °C et dixième)","Températures minimales","Atakpamé","°C","2014M7","21"
"Evolution des températures  (en °C et dixième)","Températures minimales","Atakpamé","°C","2014M8","21"
"Evolution des températures  (en °C et dixième)","Températures minimales","Atakpamé","°C","2014M9","21"
"Evolution des températures  (en °C et dixième)","Températures minimales","Atakpamé","°C","2014M10","21"
"Evolution des températures  (en °C et dixième)","Températures minimales","Atakpamé","°C","2014M11","22"
"Evolution des températures  (en °C et dixième)","Températures minimales","Atakpamé","°C","2014M12","22"
"Evolution des températures  (en °C et dixième)","Températures minimales","Atakpamé","°C","2015M1","22"
"Evolution des températures  (en °C et dixième)","Températures minimales","Atakpamé","°C","2015M2","23"
"Evolution des températures  (en °C et dixième)","Températures minimales","Atakpamé","°C","2015M3","23"
"Evolution des températures  (en °C et dixième)","Températures minimales","Atakpamé","°C","2015M4","23"
"Evolution des températures  (en °C et dixième)","Températures minimales","Atakpamé","°C","2015M5","23"
"Evolution des températures  (en °C et dixième)","Températures minimales","Atakpamé","°C","2015M6","21"
"Evolution des températures  (en °C et dixième)","Températures minimales","Atakpamé","°C","2015M7","21"
"Evolution des températures  (en °C et dixième)","Températures minimales","Atakpamé","°C","2015M8","21"
"Evolution des températures  (en °C et dixième)","Températures minimales","Atakpamé","°C","2015M9","21"
"Evolution des températures  (en °C et dixième)","Températures minimales","Atakpamé","°C","2015M10","22"
"Evolution des températures  (en °C et dixième)","Températures minimales","Atakpamé","°C","2015M11","22"
"Evolution des températures  (en °C et dixième)","Températures minimales","Atakpamé","°C","2015M12","22"
"Evolution des températures  (en °C et dixième)","Températures minimales","Atakpamé","°C","2016M1","23"
"Evolution des températures  (en °C et dixième)","Températures minimales","Atakpamé","°C","2016M2","24"
"Evolution des températures  (en °C et dixième)","Températures minimales","Atakpamé","°C","2016M3","23"
"Evolution des températures  (en °C et dixième)","Températures minimales","Atakpamé","°C","2016M4","23"
"Evolution des températures  (en °C et dixième)","Températures minimales","Atakpamé","°C","2016M5","24"
"Evolution des températures  (en °C et dixième)","Températures minimales","Atakpamé","°C","2016M6","22"
"Evolution des températures  (en °C et dixième)","Températures minimales","Atakpamé","°C","2016M7","22"
"Evolution des températures  (en °C et dixième)","Températures minimales","Atakpamé","°C","2016M8","22"
"Evolution des températures  (en °C et dixième)","Températures minimales","Atakpamé","°C","2016M9","22"
"Evolution des températures  (en °C et dixième)","Températures minimales","Atakpamé","°C","2016M10","22"
"Evolution des températures  (en °C et dixième)","Températures minimales","Atakpamé","°C","2016M11","23"
"Evolution des températures  (en °C et dixième)","Températures minimales","Atakpamé","°C","2016M12","27"
"Evolution des températures  (en °C et dixième)","Températures minimales","Atakpamé","°C","2017M1","23"
"Evolution des températures  (en °C et dixième)","Températures minimales","Atakpamé","°C","2017M2","24"
"Evolution des températures  (en °C et dixième)","Températures minimales","Atakpamé","°C","2017M3","24"
"Evolution des températures  (en °C et dixième)","Températures minimales","Atakpamé","°C","2017M4","23"
"Evolution des températures  (en °C et dixième)","Températures minimales","Atakpamé","°C","2017M5","23"
"Evolution des températures  (en °C et dixième)","Températures minimales","Atakpamé","°C","2017M6","22"
"Evolution des températures  (en °C et dixième)","Températures minimales","Atakpamé","°C","2017M7","22"
"Evolution des températures  (en °C et dixième)","Températures minimales","Atakpamé","°C","2017M8","21"
"Evolution des températures  (en °C et dixième)","Températures minimales","Atakpamé","°C","2017M9","21"
"Evolution des températures  (en °C et dixième)","Températures minimales","Atakpamé","°C","2017M10","22"
"Evolution des températures  (en °C et dixième)","Températures minimales","Atakpamé","°C","2017M11","22"
"Evolution des températures  (en °C et dixième)","Températures minimales","Atakpamé","°C","2017M12","23"
"Evolution des températures  (en °C et dixième)","Températures minimales","Atakpamé","°C","2018M1","23"
"Evolution des températures  (en °C et dixième)","Températures minimales","Atakpamé","°C","2018M2","24"
"Evolution des températures  (en °C et dixième)","Températures minimales","Atakpamé","°C","2018M3","23"
"Evolution des températures  (en °C et dixième)","Températures minimales","Atakpamé","°C","2018M4","23"
"Evolution des températures  (en °C et dixième)","Températures minimales","Atakpamé","°C","2018M5","22"
"Evolution des températures  (en °C et dixième)","Températures minimales","Atakpamé","°C","2018M6","22"
"Evolution des températures  (en °C et dixième)","Températures minimales","Atakpamé","°C","2018M7","22"
"Evolution des températures  (en °C et dixième)","Températures minimales","Atakpamé","°C","2018M8","21"
"Evolution des températures  (en °C et dixième)","Températures minimales","Atakpamé","°C","2018M9","22"
"Evolution des températures  (en °C et dixième)","Températures minimales","Atakpamé","°C","2018M10","22"
"Evolution des températures  (en °C et dixième)","Températures minimales","Atakpamé","°C","2018M11","23"
"Evolution des températures  (en °C et dixième)","Températures minimales","Atakpamé","°C","2018M12","23"
"Evolution des températures  (en °C et dixième)","Températures minimales","Atakpamé","°C","2019M1","23"
"Evolution des températures  (en °C et dixième)","Températures minimales","Atakpamé","°C","2019M2","24"
"Evolution des températures  (en °C et dixième)","Températures minimales","Atakpamé","°C","2019M3","24"
"Evolution des températures  (en °C et dixième)","Températures minimales","Atakpamé","°C","2019M4","23"
"Evolution des températures  (en °C et dixième)","Températures minimales","Atakpamé","°C","2019M5","23"
"Evolution des températures  (en °C et dixième)","Températures minimales","Atakpamé","°C","2019M6","22"
"Evolution des températures  (en °C et dixième)","Températures minimales","Atakpamé","°C","2019M7","23"
"Evolution des températures  (en °C et dixième)","Températures minimales","Atakpamé","°C","2019M8","21"
"Evolution des températures  (en °C et dixième)","Températures minimales","Atakpamé","°C","2019M9","22"
"Evolution des températures  (en °C et dixième)","Températures minimales","Atakpamé","°C","2019M10","22"
"Evolution des températures  (en °C et dixième)","Températures minimales","Atakpamé","°C","2019M11","23"
"Evolution des températures  (en °C et dixième)","Températures minimales","Atakpamé","°C","2019M12","23"
"Evolution des températures  (en °C et dixième)","Températures minimales","Sotouboua","°C","2013M1","18"
"Evolution des températures  (en °C et dixième)","Températures minimales","Sotouboua","°C","2013M2","21"
"Evolution des températures  (en °C et dixième)","Températures minimales","Sotouboua","°C","2013M3","23"
"Evolution des températures  (en °C et dixième)","Températures minimales","Sotouboua","°C","2013M4","23"
"Evolution des températures  (en °C et dixième)","Températures minimales","Sotouboua","°C","2013M5","23"
"Evolution des températures  (en °C et dixième)","Températures minimales","Sotouboua","°C","2013M6","22"
"Evolution des températures  (en °C et dixième)","Températures minimales","Sotouboua","°C","2013M7","22"
"Evolution des températures  (en °C et dixième)","Températures minimales","Sotouboua","°C","2013M8","22"
"Evolution des températures  (en °C et dixième)","Températures minimales","Sotouboua","°C","2013M9","22"
"Evolution des températures  (en °C et dixième)","Températures minimales","Sotouboua","°C","2013M10","22"
"Evolution des températures  (en °C et dixième)","Températures minimales","Sotouboua","°C","2013M11","22"
"Evolution des températures  (en °C et dixième)","Températures minimales","Sotouboua","°C","2013M12","18"
"Evolution des températures  (en °C et dixième)","Températures minimales","Sotouboua","°C","2014M1","20"
"Evolution des températures  (en °C et dixième)","Températures minimales","Sotouboua","°C","2014M2","20"
"Evolution des températures  (en °C et dixième)","Températures minimales","Sotouboua","°C","2014M3","22"
"Evolution des températures  (en °C et dixième)","Températures minimales","Sotouboua","°C","2014M4","23"
"Evolution des températures  (en °C et dixième)","Températures minimales","Sotouboua","°C","2014M5","23"
"Evolution des températures  (en °C et dixième)","Températures minimales","Sotouboua","°C","2014M6","23"
"Evolution des températures  (en °C et dixième)","Températures minimales","Sotouboua","°C","2014M7","22"
"Evolution des températures  (en °C et dixième)","Températures minimales","Sotouboua","°C","2014M8","21"
"Evolution des températures  (en °C et dixième)","Températures minimales","Sotouboua","°C","2014M9","22"
"Evolution des températures  (en °C et dixième)","Températures minimales","Sotouboua","°C","2014M10","22"
"Evolution des températures  (en °C et dixième)","Températures minimales","Sotouboua","°C","2014M11","21"
"Evolution des températures  (en °C et dixième)","Températures minimales","Sotouboua","°C","2014M12","18"
"Evolution des températures  (en °C et dixième)","Températures minimales","Sotouboua","°C","2015M1","16"
"Evolution des températures  (en °C et dixième)","Températures minimales","Sotouboua","°C","2015M2","21"
"Evolution des températures  (en °C et dixième)","Températures minimales","Sotouboua","°C","2015M3","22"
"Evolution des températures  (en °C et dixième)","Températures minimales","Sotouboua","°C","2015M4","23"
"Evolution des températures  (en °C et dixième)","Températures minimales","Sotouboua","°C","2015M5","22"
"Evolution des températures  (en °C et dixième)","Températures minimales","Sotouboua","°C","2015M6","22"
"Evolution des températures  (en °C et dixième)","Températures minimales","Sotouboua","°C","2015M7","22"
"Evolution des températures  (en °C et dixième)","Températures minimales","Sotouboua","°C","2015M8","22"
"Evolution des températures  (en °C et dixième)","Températures minimales","Sotouboua","°C","2015M9","22"
"Evolution des températures  (en °C et dixième)","Températures minimales","Sotouboua","°C","2015M10","22"
"Evolution des températures  (en °C et dixième)","Températures minimales","Sotouboua","°C","2015M11","20"
"Evolution des températures  (en °C et dixième)","Températures minimales","Sotouboua","°C","2015M12","17"
"Evolution des températures  (en °C et dixième)","Températures minimales","Sotouboua","°C","2016M1","19"
"Evolution des températures  (en °C et dixième)","Températures minimales","Sotouboua","°C","2016M2","19"
"Evolution des températures  (en °C et dixième)","Températures minimales","Sotouboua","°C","2016M3","22"
"Evolution des températures  (en °C et dixième)","Températures minimales","Sotouboua","°C","2016M4","23"
"Evolution des températures  (en °C et dixième)","Températures minimales","Sotouboua","°C","2016M5","23"
"Evolution des températures  (en °C et dixième)","Températures minimales","Sotouboua","°C","2016M6","23"
"Evolution des températures  (en °C et dixième)","Températures minimales","Sotouboua","°C","2016M7","22"
"Evolution des températures  (en °C et dixième)","Températures minimales","Sotouboua","°C","2016M8","22"
"Evolution des températures  (en °C et dixième)","Températures minimales","Sotouboua","°C","2016M9","22"
"Evolution des températures  (en °C et dixième)","Températures minimales","Sotouboua","°C","2016M10","23"
"Evolution des températures  (en °C et dixième)","Températures minimales","Sotouboua","°C","2016M11","21"
"Evolution des températures  (en °C et dixième)","Températures minimales","Sotouboua","°C","2016M12","19"
"Evolution des températures  (en °C et dixième)","Températures minimales","Sotouboua","°C","2017M1","18"
"Evolution des températures  (en °C et dixième)","Températures minimales","Sotouboua","°C","2017M2","18"
"Evolution des températures  (en °C et dixième)","Températures minimales","Sotouboua","°C","2017M3","24"
"Evolution des températures  (en °C et dixième)","Températures minimales","Sotouboua","°C","2017M4","24"
"Evolution des températures  (en °C et dixième)","Températures minimales","Sotouboua","°C","2017M5","24"
"Evolution des températures  (en °C et dixième)","Températures minimales","Sotouboua","°C","2017M6","23"
"Evolution des températures  (en °C et dixième)","Températures minimales","Sotouboua","°C","2017M7","22"
"Evolution des températures  (en °C et dixième)","Températures minimales","Sotouboua","°C","2017M8","22"
"Evolution des températures  (en °C et dixième)","Températures minimales","Sotouboua","°C","2017M9","22"
"Evolution des températures  (en °C et dixième)","Températures minimales","Sotouboua","°C","2017M10","22"
"Evolution des températures  (en °C et dixième)","Températures minimales","Sotouboua","°C","2017M11","21"
"Evolution des températures  (en °C et dixième)","Températures minimales","Sotouboua","°C","2017M12","19"
"Evolution des températures  (en °C et dixième)","Températures minimales","Sotouboua","°C","2018M1","17"
"Evolution des températures  (en °C et dixième)","Températures minimales","Sotouboua","°C","2018M2","20"
"Evolution des températures  (en °C et dixième)","Températures minimales","Sotouboua","°C","2018M3","24"
"Evolution des températures  (en °C et dixième)","Températures minimales","Sotouboua","°C","2018M4","24"
"Evolution des températures  (en °C et dixième)","Températures minimales","Sotouboua","°C","2018M5","23"
"Evolution des températures  (en °C et dixième)","Températures minimales","Sotouboua","°C","2018M6","23"
"Evolution des températures  (en °C et dixième)","Températures minimales","Sotouboua","°C","2018M7","22"
"Evolution des températures  (en °C et dixième)","Températures minimales","Sotouboua","°C","2018M8","22"
"Evolution des températures  (en °C et dixième)","Températures minimales","Sotouboua","°C","2018M9","22"
"Evolution des températures  (en °C et dixième)","Températures minimales","Sotouboua","°C","2018M10","22"
"Evolution des températures  (en °C et dixième)","Températures minimales","Sotouboua","°C","2018M11","20"
"Evolution des températures  (en °C et dixième)","Températures minimales","Sotouboua","°C","2018M12","17"
"Evolution des températures  (en °C et dixième)","Températures minimales","Sotouboua","°C","2019M1","18"
"Evolution des températures  (en °C et dixième)","Températures minimales","Sotouboua","°C","2019M2","19"
"Evolution des températures  (en °C et dixième)","Températures minimales","Sotouboua","°C","2019M3","23"
"Evolution des températures  (en °C et dixième)","Températures minimales","Sotouboua","°C","2019M4","24"
"Evolution des températures  (en °C et dixième)","Températures minimales","Sotouboua","°C","2019M5","24"
"Evolution des températures  (en °C et dixième)","Températures minimales","Sotouboua","°C","2019M6","23"
"Evolution des températures  (en °C et dixième)","Températures minimales","Sotouboua","°C","2019M7","22"
"Evolution des températures  (en °C et dixième)","Températures minimales","Sotouboua","°C","2019M8","22"
"Evolution des températures  (en °C et dixième)","Températures minimales","Sotouboua","°C","2019M9","22"
"Evolution des températures  (en °C et dixième)","Températures minimales","Sotouboua","°C","2019M10","22"
"Evolution des températures  (en °C et dixième)","Températures minimales","Sotouboua","°C","2019M11","22"
"Evolution des températures  (en °C et dixième)","Températures minimales","Sotouboua","°C","2019M12","17"
"Evolution des températures  (en °C et dixième)","Températures minimales","Sokodé","°C","2013M1","19"
"Evolution des températures  (en °C et dixième)","Températures minimales","Sokodé","°C","2013M2","21"
"Evolution des températures  (en °C et dixième)","Températures minimales","Sokodé","°C","2013M3","23"
"Evolution des températures  (en °C et dixième)","Températures minimales","Sokodé","°C","2013M4","22"
"Evolution des températures  (en °C et dixième)","Températures minimales","Sokodé","°C","2013M5","22"
"Evolution des températures  (en °C et dixième)","Températures minimales","Sokodé","°C","2013M6","21"
"Evolution des températures  (en °C et dixième)","Températures minimales","Sokodé","°C","2013M7","21"
"Evolution des températures  (en °C et dixième)","Températures minimales","Sokodé","°C","2013M8","21"
"Evolution des températures  (en °C et dixième)","Températures minimales","Sokodé","°C","2013M9","22"
"Evolution des températures  (en °C et dixième)","Températures minimales","Sokodé","°C","2013M10","21"
"Evolution des températures  (en °C et dixième)","Températures minimales","Sokodé","°C","2013M11","20"
"Evolution des températures  (en °C et dixième)","Températures minimales","Sokodé","°C","2013M12","19"
"Evolution des températures  (en °C et dixième)","Températures minimales","Sokodé","°C","2014M1","20"
"Evolution des températures  (en °C et dixième)","Températures minimales","Sokodé","°C","2014M2","21"
"Evolution des températures  (en °C et dixième)","Températures minimales","Sokodé","°C","2014M3","23"
"Evolution des températures  (en °C et dixième)","Températures minimales","Sokodé","°C","2014M4","23"
"Evolution des températures  (en °C et dixième)","Températures minimales","Sokodé","°C","2014M5","23"
"Evolution des températures  (en °C et dixième)","Températures minimales","Sokodé","°C","2014M6","23"
"Evolution des températures  (en °C et dixième)","Températures minimales","Sokodé","°C","2014M7","22"
"Evolution des températures  (en °C et dixième)","Températures minimales","Sokodé","°C","2014M8","21"
"Evolution des températures  (en °C et dixième)","Températures minimales","Sokodé","°C","2014M9","21"
"Evolution des températures  (en °C et dixième)","Températures minimales","Sokodé","°C","2014M10","22"
"Evolution des températures  (en °C et dixième)","Températures minimales","Sokodé","°C","2014M11","21"
"Evolution des températures  (en °C et dixième)","Températures minimales","Sokodé","°C","2014M12","19"
"Evolution des températures  (en °C et dixième)","Températures minimales","Sokodé","°C","2015M1","19"
"Evolution des températures  (en °C et dixième)","Températures minimales","Sokodé","°C","2015M2","22"
"Evolution des températures  (en °C et dixième)","Températures minimales","Sokodé","°C","2015M3","23"
"Evolution des températures  (en °C et dixième)","Températures minimales","Sokodé","°C","2015M4","23"
"Evolution des températures  (en °C et dixième)","Températures minimales","Sokodé","°C","2015M5","23"
"Evolution des températures  (en °C et dixième)","Températures minimales","Sokodé","°C","2015M6","22"
"Evolution des températures  (en °C et dixième)","Températures minimales","Sokodé","°C","2015M7","22"
"Evolution des températures  (en °C et dixième)","Températures minimales","Sokodé","°C","2015M8","22"
"Evolution des températures  (en °C et dixième)","Températures minimales","Sokodé","°C","2015M9","22"
"Evolution des températures  (en °C et dixième)","Températures minimales","Sokodé","°C","2015M10","22"
"Evolution des températures  (en °C et dixième)","Températures minimales","Sokodé","°C","2015M11","20"
"Evolution des températures  (en °C et dixième)","Températures minimales","Sokodé","°C","2015M12","20"
"Evolution des températures  (en °C et dixième)","Températures minimales","Sokodé","°C","2016M1","20"
"Evolution des températures  (en °C et dixième)","Températures minimales","Sokodé","°C","2016M2","22"
"Evolution des températures  (en °C et dixième)","Températures minimales","Sokodé","°C","2016M3","24"
"Evolution des températures  (en °C et dixième)","Températures minimales","Sokodé","°C","2016M4","24"
"Evolution des températures  (en °C et dixième)","Températures minimales","Sokodé","°C","2016M5","23"
"Evolution des températures  (en °C et dixième)","Températures minimales","Sokodé","°C","2016M6","22"
"Evolution des températures  (en °C et dixième)","Températures minimales","Sokodé","°C","2016M7","22"
"Evolution des températures  (en °C et dixième)","Températures minimales","Sokodé","°C","2016M8","22"
"Evolution des températures  (en °C et dixième)","Températures minimales","Sokodé","°C","2016M9","22"
"Evolution des températures  (en °C et dixième)","Températures minimales","Sokodé","°C","2016M10","22"
"Evolution des températures  (en °C et dixième)","Températures minimales","Sokodé","°C","2016M11","20"
"Evolution des températures  (en °C et dixième)","Températures minimales","Sokodé","°C","2016M12","20"
"Evolution des températures  (en °C et dixième)","Températures minimales","Sokodé","°C","2017M1","20"
"Evolution des températures  (en °C et dixième)","Températures minimales","Sokodé","°C","2017M2","20"
"Evolution des températures  (en °C et dixième)","Températures minimales","Sokodé","°C","2017M3","23"
"Evolution des températures  (en °C et dixième)","Températures minimales","Sokodé","°C","2017M4","24"
"Evolution des températures  (en °C et dixième)","Températures minimales","Sokodé","°C","2017M5","23"
"Evolution des températures  (en °C et dixième)","Températures minimales","Sokodé","°C","2017M6","22"
"Evolution des températures  (en °C et dixième)","Températures minimales","Sokodé","°C","2017M7","22"
"Evolution des températures  (en °C et dixième)","Températures minimales","Sokodé","°C","2017M8","21"
"Evolution des températures  (en °C et dixième)","Températures minimales","Sokodé","°C","2017M9","22"
"Evolution des températures  (en °C et dixième)","Températures minimales","Sokodé","°C","2017M10","21"
"Evolution des températures  (en °C et dixième)","Températures minimales","Sokodé","°C","2017M11","20"
"Evolution des températures  (en °C et dixième)","Températures minimales","Sokodé","°C","2017M12","19"
"Evolution des températures  (en °C et dixième)","Températures minimales","Sokodé","°C","2018M1","19"
"Evolution des températures  (en °C et dixième)","Températures minimales","Sokodé","°C","2018M2","22"
"Evolution des températures  (en °C et dixième)","Températures minimales","Sokodé","°C","2018M3","23"
"Evolution des températures  (en °C et dixième)","Températures minimales","Sokodé","°C","2018M4","23"
"Evolution des températures  (en °C et dixième)","Températures minimales","Sokodé","°C","2018M5","23"
"Evolution des températures  (en °C et dixième)","Températures minimales","Sokodé","°C","2018M6","22"
"Evolution des températures  (en °C et dixième)","Températures minimales","Sokodé","°C","2018M7","22"
"Evolution des températures  (en °C et dixième)","Températures minimales","Sokodé","°C","2018M8","22"
"Evolution des températures  (en °C et dixième)","Températures minimales","Sokodé","°C","2018M9","22"
"Evolution des températures  (en °C et dixième)","Températures minimales","Sokodé","°C","2018M10","22"
"Evolution des températures  (en °C et dixième)","Températures minimales","Sokodé","°C","2018M11","20"
"Evolution des températures  (en °C et dixième)","Températures minimales","Sokodé","°C","2018M12","19"
"Evolution des températures  (en °C et dixième)","Températures minimales","Sokodé","°C","2019M1","20"
"Evolution des températures  (en °C et dixième)","Températures minimales","Sokodé","°C","2019M2","23"
"Evolution des températures  (en °C et dixième)","Températures minimales","Sokodé","°C","2019M3","24"
"Evolution des températures  (en °C et dixième)","Températures minimales","Sokodé","°C","2019M4","24"
"Evolution des températures  (en °C et dixième)","Températures minimales","Sokodé","°C","2019M5","23"
"Evolution des températures  (en °C et dixième)","Températures minimales","Sokodé","°C","2019M6","22"
"Evolution des températures  (en °C et dixième)","Températures minimales","Sokodé","°C","2019M7","22"
"Evolution des températures  (en °C et dixième)","Températures minimales","Sokodé","°C","2019M8","22"
"Evolution des températures  (en °C et dixième)","Températures minimales","Sokodé","°C","2019M9","22"
"Evolution des températures  (en °C et dixième)","Températures minimales","Sokodé","°C","2019M10","22"
"Evolution des températures  (en °C et dixième)","Températures minimales","Sokodé","°C","2019M11","21"
"Evolution des températures  (en °C et dixième)","Températures minimales","Sokodé","°C","2019M12","18"
"Evolution des températures  (en °C et dixième)","Températures minimales","Kara","°C","2013M1","19"
"Evolution des températures  (en °C et dixième)","Températures minimales","Kara","°C","2013M2","21"
"Evolution des températures  (en °C et dixième)","Températures minimales","Kara","°C","2013M3","25"
"Evolution des températures  (en °C et dixième)","Températures minimales","Kara","°C","2013M4","24"
"Evolution des températures  (en °C et dixième)","Températures minimales","Kara","°C","2013M5","24"
"Evolution des températures  (en °C et dixième)","Températures minimales","Kara","°C","2013M6","22"
"Evolution des températures  (en °C et dixième)","Températures minimales","Kara","°C","2013M7","22"
"Evolution des températures  (en °C et dixième)","Températures minimales","Kara","°C","2013M8","22"
"Evolution des températures  (en °C et dixième)","Températures minimales","Kara","°C","2013M9","21"
"Evolution des températures  (en °C et dixième)","Températures minimales","Kara","°C","2013M10","21"
"Evolution des températures  (en °C et dixième)","Températures minimales","Kara","°C","2013M11","20"
"Evolution des températures  (en °C et dixième)","Températures minimales","Kara","°C","2013M12","18"
"Evolution des températures  (en °C et dixième)","Températures minimales","Kara","°C","2014M1","22"
"Evolution des températures  (en °C et dixième)","Températures minimales","Kara","°C","2014M2","22"
"Evolution des températures  (en °C et dixième)","Températures minimales","Kara","°C","2014M3","24"
"Evolution des températures  (en °C et dixième)","Températures minimales","Kara","°C","2014M4","24"
"Evolution des températures  (en °C et dixième)","Températures minimales","Kara","°C","2014M5","23"
"Evolution des températures  (en °C et dixième)","Températures minimales","Kara","°C","2014M6","23"
"Evolution des températures  (en °C et dixième)","Températures minimales","Kara","°C","2014M7","23"
"Evolution des températures  (en °C et dixième)","Températures minimales","Kara","°C","2014M8","22"
"Evolution des températures  (en °C et dixième)","Températures minimales","Kara","°C","2014M9","22"
"Evolution des températures  (en °C et dixième)","Températures minimales","Kara","°C","2014M10","22"
"Evolution des températures  (en °C et dixième)","Températures minimales","Kara","°C","2014M11","20"
"Evolution des températures  (en °C et dixième)","Températures minimales","Kara","°C","2014M12","19"
"Evolution des températures  (en °C et dixième)","Températures minimales","Kara","°C","2015M1","18"
"Evolution des températures  (en °C et dixième)","Températures minimales","Kara","°C","2015M2","24"
"Evolution des températures  (en °C et dixième)","Températures minimales","Kara","°C","2015M3","24"
"Evolution des températures  (en °C et dixième)","Températures minimales","Kara","°C","2015M4","25"
"Evolution des températures  (en °C et dixième)","Températures minimales","Kara","°C","2015M5","22"
"Evolution des températures  (en °C et dixième)","Températures minimales","Kara","°C","2015M6","23"
"Evolution des températures  (en °C et dixième)","Températures minimales","Kara","°C","2015M7","23"
"Evolution des températures  (en °C et dixième)","Températures minimales","Kara","°C","2015M8","22"
"Evolution des températures  (en °C et dixième)","Températures minimales","Kara","°C","2015M9","22"
"Evolution des températures  (en °C et dixième)","Températures minimales","Kara","°C","2015M10","22"
"Evolution des températures  (en °C et dixième)","Températures minimales","Kara","°C","2015M11","19"
"Evolution des températures  (en °C et dixième)","Températures minimales","Kara","°C","2015M12","18"
"Evolution des températures  (en °C et dixième)","Températures minimales","Kara","°C","2016M1","19"
"Evolution des températures  (en °C et dixième)","Températures minimales","Kara","°C","2016M2","21"
"Evolution des températures  (en °C et dixième)","Températures minimales","Kara","°C","2016M3","25"
"Evolution des températures  (en °C et dixième)","Températures minimales","Kara","°C","2016M4","24"
"Evolution des températures  (en °C et dixième)","Températures minimales","Kara","°C","2016M5","24"
"Evolution des températures  (en °C et dixième)","Températures minimales","Kara","°C","2016M6","23"
"Evolution des températures  (en °C et dixième)","Températures minimales","Kara","°C","2016M7","22"
"Evolution des températures  (en °C et dixième)","Températures minimales","Kara","°C","2016M8","23"
"Evolution des températures  (en °C et dixième)","Températures minimales","Kara","°C","2016M9","22"
"Evolution des températures  (en °C et dixième)","Températures minimales","Kara","°C","2016M10","22"
"Evolution des températures  (en °C et dixième)","Températures minimales","Kara","°C","2016M11","20"
"Evolution des températures  (en °C et dixième)","Températures minimales","Kara","°C","2016M12","20"
"Evolution des températures  (en °C et dixième)","Températures minimales","Kara","°C","2017M1","19"
"Evolution des températures  (en °C et dixième)","Températures minimales","Kara","°C","2017M2","22"
"Evolution des températures  (en °C et dixième)","Températures minimales","Kara","°C","2017M3","24"
"Evolution des températures  (en °C et dixième)","Températures minimales","Kara","°C","2017M4","25"
"Evolution des températures  (en °C et dixième)","Températures minimales","Kara","°C","2017M5","23"
"Evolution des températures  (en °C et dixième)","Températures minimales","Kara","°C","2017M6","22"
"Evolution des températures  (en °C et dixième)","Températures minimales","Kara","°C","2017M7","22"
"Evolution des températures  (en °C et dixième)","Températures minimales","Kara","°C","2017M8","22"
"Evolution des températures  (en °C et dixième)","Températures minimales","Kara","°C","2017M9","22"
"Evolution des températures  (en °C et dixième)","Températures minimales","Kara","°C","2017M10","21"
"Evolution des températures  (en °C et dixième)","Températures minimales","Kara","°C","2017M11","19"
"Evolution des températures  (en °C et dixième)","Températures minimales","Kara","°C","2017M12","19"
"Evolution des températures  (en °C et dixième)","Températures minimales","Kara","°C","2018M1","18"
"Evolution des températures  (en °C et dixième)","Températures minimales","Kara","°C","2018M2","22"
"Evolution des températures  (en °C et dixième)","Températures minimales","Kara","°C","2018M3","23"
"Evolution des températures  (en °C et dixième)","Températures minimales","Kara","°C","2018M4","24"
"Evolution des températures  (en °C et dixième)","Températures minimales","Kara","°C","2018M5","23"
"Evolution des températures  (en °C et dixième)","Températures minimales","Kara","°C","2018M6","22"
"Evolution des températures  (en °C et dixième)","Températures minimales","Kara","°C","2018M7","23"
"Evolution des températures  (en °C et dixième)","Températures minimales","Kara","°C","2018M8","21"
"Evolution des températures  (en °C et dixième)","Températures minimales","Kara","°C","2018M9","22"
"Evolution des températures  (en °C et dixième)","Températures minimales","Kara","°C","2018M10","22"
"Evolution des températures  (en °C et dixième)","Températures minimales","Kara","°C","2018M11","19"
"Evolution des températures  (en °C et dixième)","Températures minimales","Kara","°C","2018M12","19"
"Evolution des températures  (en °C et dixième)","Températures minimales","Kara","°C","2019M1","18"
"Evolution des températures  (en °C et dixième)","Températures minimales","Kara","°C","2019M2","21"
"Evolution des températures  (en °C et dixième)","Températures minimales","Kara","°C","2019M3","24"
"Evolution des températures  (en °C et dixième)","Températures minimales","Kara","°C","2019M4","25"
"Evolution des températures  (en °C et dixième)","Températures minimales","Kara","°C","2019M5","23"
"Evolution des températures  (en °C et dixième)","Températures minimales","Kara","°C","2019M6","22"
"Evolution des températures  (en °C et dixième)","Températures minimales","Kara","°C","2019M7","22"
"Evolution des températures  (en °C et dixième)","Températures minimales","Kara","°C","2019M8","20"
"Evolution des températures  (en °C et dixième)","Températures minimales","Kara","°C","2019M9","22"
"Evolution des températures  (en °C et dixième)","Températures minimales","Kara","°C","2019M10","22"
"Evolution des températures  (en °C et dixième)","Températures minimales","Kara","°C","2019M11","19"
"Evolution des températures  (en °C et dixième)","Températures minimales","Kara","°C","2019M12","18"
"Evolution des températures  (en °C et dixième)","Températures minimales","Niamtougou","°C","2013M1","19"
"Evolution des températures  (en °C et dixième)","Températures minimales","Niamtougou","°C","2013M2","21"
"Evolution des températures  (en °C et dixième)","Températures minimales","Niamtougou","°C","2013M3","23"
"Evolution des températures  (en °C et dixième)","Températures minimales","Niamtougou","°C","2013M4","22"
"Evolution des températures  (en °C et dixième)","Températures minimales","Niamtougou","°C","2013M5","21"
"Evolution des températures  (en °C et dixième)","Températures minimales","Niamtougou","°C","2013M6","21"
"Evolution des températures  (en °C et dixième)","Températures minimales","Niamtougou","°C","2013M7","21"
"Evolution des températures  (en °C et dixième)","Températures minimales","Niamtougou","°C","2013M8","20"
"Evolution des températures  (en °C et dixième)","Températures minimales","Niamtougou","°C","2013M9","20"
"Evolution des températures  (en °C et dixième)","Températures minimales","Niamtougou","°C","2013M10","20"
"Evolution des températures  (en °C et dixième)","Températures minimales","Niamtougou","°C","2013M11","19"
"Evolution des températures  (en °C et dixième)","Températures minimales","Niamtougou","°C","2013M12","17"
"Evolution des températures  (en °C et dixième)","Températures minimales","Niamtougou","°C","2014M1","19"
"Evolution des températures  (en °C et dixième)","Températures minimales","Niamtougou","°C","2014M2","21"
"Evolution des températures  (en °C et dixième)","Températures minimales","Niamtougou","°C","2014M3","23"
"Evolution des températures  (en °C et dixième)","Températures minimales","Niamtougou","°C","2014M4","22"
"Evolution des températures  (en °C et dixième)","Températures minimales","Niamtougou","°C","2014M5","22"
"Evolution des températures  (en °C et dixième)","Températures minimales","Niamtougou","°C","2014M6","21"
"Evolution des températures  (en °C et dixième)","Températures minimales","Niamtougou","°C","2014M7","21"
"Evolution des températures  (en °C et dixième)","Températures minimales","Niamtougou","°C","2014M8","20"
"Evolution des températures  (en °C et dixième)","Températures minimales","Niamtougou","°C","2014M9","20"
"Evolution des températures  (en °C et dixième)","Températures minimales","Niamtougou","°C","2014M10","21"
"Evolution des températures  (en °C et dixième)","Températures minimales","Niamtougou","°C","2014M11","20"
"Evolution des températures  (en °C et dixième)","Températures minimales","Niamtougou","°C","2014M12","18"
"Evolution des températures  (en °C et dixième)","Températures minimales","Niamtougou","°C","2015M1","18"
"Evolution des températures  (en °C et dixième)","Températures minimales","Niamtougou","°C","2015M2","21"
"Evolution des températures  (en °C et dixième)","Températures minimales","Niamtougou","°C","2015M3","23"
"Evolution des températures  (en °C et dixième)","Températures minimales","Niamtougou","°C","2015M4","23"
"Evolution des températures  (en °C et dixième)","Températures minimales","Niamtougou","°C","2015M5","23"
"Evolution des températures  (en °C et dixième)","Températures minimales","Niamtougou","°C","2015M6","22"
"Evolution des températures  (en °C et dixième)","Températures minimales","Niamtougou","°C","2015M7","21"
"Evolution des températures  (en °C et dixième)","Températures minimales","Niamtougou","°C","2015M8","21"
"Evolution des températures  (en °C et dixième)","Températures minimales","Niamtougou","°C","2015M9","21"
"Evolution des températures  (en °C et dixième)","Températures minimales","Niamtougou","°C","2015M10","21"
"Evolution des températures  (en °C et dixième)","Températures minimales","Niamtougou","°C","2015M11","19"
"Evolution des températures  (en °C et dixième)","Températures minimales","Niamtougou","°C","2015M12","18"
"Evolution des températures  (en °C et dixième)","Températures minimales","Niamtougou","°C","2016M1","19"
"Evolution des températures  (en °C et dixième)","Températures minimales","Niamtougou","°C","2016M2","21"
"Evolution des températures  (en °C et dixième)","Températures minimales","Niamtougou","°C","2016M3","23"
"Evolution des températures  (en °C et dixième)","Températures minimales","Niamtougou","°C","2016M4","23"
"Evolution des températures  (en °C et dixième)","Températures minimales","Niamtougou","°C","2016M5","23"
"Evolution des températures  (en °C et dixième)","Températures minimales","Niamtougou","°C","2016M6","21"
"Evolution des températures  (en °C et dixième)","Températures minimales","Niamtougou","°C","2016M7","21"
"Evolution des températures  (en °C et dixième)","Températures minimales","Niamtougou","°C","2016M8","21"
"Evolution des températures  (en °C et dixième)","Températures minimales","Niamtougou","°C","2016M9","20"
"Evolution des températures  (en °C et dixième)","Températures minimales","Niamtougou","°C","2016M10","21"
"Evolution des températures  (en °C et dixième)","Températures minimales","Niamtougou","°C","2016M11","19"
"Evolution des températures  (en °C et dixième)","Températures minimales","Niamtougou","°C","2016M12","19"
"Evolution des températures  (en °C et dixième)","Températures minimales","Niamtougou","°C","2017M1","19"
"Evolution des températures  (en °C et dixième)","Températures minimales","Niamtougou","°C","2017M2","21"
"Evolution des températures  (en °C et dixième)","Températures minimales","Niamtougou","°C","2017M3","22"
"Evolution des températures  (en °C et dixième)","Températures minimales","Niamtougou","°C","2017M4","23"
"Evolution des températures  (en °C et dixième)","Températures minimales","Niamtougou","°C","2017M5","21"
"Evolution des températures  (en °C et dixième)","Températures minimales","Niamtougou","°C","2017M6","21"
"Evolution des températures  (en °C et dixième)","Températures minimales","Niamtougou","°C","2017M7","20"
"Evolution des températures  (en °C et dixième)","Températures minimales","Niamtougou","°C","2017M8","20"
"Evolution des températures  (en °C et dixième)","Températures minimales","Niamtougou","°C","2017M9","20"
"Evolution des températures  (en °C et dixième)","Températures minimales","Niamtougou","°C","2017M10","21"
"Evolution des températures  (en °C et dixième)","Températures minimales","Niamtougou","°C","2017M11","19"
"Evolution des températures  (en °C et dixième)","Températures minimales","Niamtougou","°C","2017M12","19"
"Evolution des températures  (en °C et dixième)","Températures minimales","Niamtougou","°C","2018M1","19"
"Evolution des températures  (en °C et dixième)","Températures minimales","Niamtougou","°C","2018M2","22"
"Evolution des températures  (en °C et dixième)","Températures minimales","Niamtougou","°C","2018M3","23"
"Evolution des températures  (en °C et dixième)","Températures minimales","Niamtougou","°C","2018M4","23"
"Evolution des températures  (en °C et dixième)","Températures minimales","Niamtougou","°C","2018M5","23"
"Evolution des températures  (en °C et dixième)","Températures minimales","Niamtougou","°C","2018M6","22"
"Evolution des températures  (en °C et dixième)","Températures minimales","Niamtougou","°C","2018M7","21"
"Evolution des températures  (en °C et dixième)","Températures minimales","Niamtougou","°C","2018M8","21"
"Evolution des températures  (en °C et dixième)","Températures minimales","Niamtougou","°C","2018M9","21"
"Evolution des températures  (en °C et dixième)","Températures minimales","Niamtougou","°C","2018M10","22"
"Evolution des températures  (en °C et dixième)","Températures minimales","Niamtougou","°C","2018M11","20"
"Evolution des températures  (en °C et dixième)","Températures minimales","Niamtougou","°C","2018M12","18"
"Evolution des températures  (en °C et dixième)","Températures minimales","Niamtougou","°C","2019M1","20"
"Evolution des températures  (en °C et dixième)","Températures minimales","Niamtougou","°C","2019M2","22"
"Evolution des températures  (en °C et dixième)","Températures minimales","Niamtougou","°C","2019M3","24"
"Evolution des températures  (en °C et dixième)","Températures minimales","Niamtougou","°C","2019M4","25"
"Evolution des températures  (en °C et dixième)","Températures minimales","Niamtougou","°C","2019M5","23"
"Evolution des températures  (en °C et dixième)","Températures minimales","Niamtougou","°C","2019M6","23"
"Evolution des températures  (en °C et dixième)","Températures minimales","Niamtougou","°C","2019M7","22"
"Evolution des températures  (en °C et dixième)","Températures minimales","Niamtougou","°C","2019M8","22"
"Evolution des températures  (en °C et dixième)","Températures minimales","Niamtougou","°C","2019M9","21"
"Evolution des températures  (en °C et dixième)","Températures minimales","Niamtougou","°C","2019M10","21"
"Evolution des températures  (en °C et dixième)","Températures minimales","Niamtougou","°C","2019M11","20"
"Evolution des températures  (en °C et dixième)","Températures minimales","Niamtougou","°C","2019M12","20"
"Evolution des températures  (en °C et dixième)","Températures minimales","Mango","°C","2013M1","20"
"Evolution des températures  (en °C et dixième)","Températures minimales","Mango","°C","2013M2","22"
"Evolution des températures  (en °C et dixième)","Températures minimales","Mango","°C","2013M3","27"
"Evolution des températures  (en °C et dixième)","Températures minimales","Mango","°C","2013M4","25"
"Evolution des températures  (en °C et dixième)","Températures minimales","Mango","°C","2013M5","24"
"Evolution des températures  (en °C et dixième)","Températures minimales","Mango","°C","2013M6","23"
"Evolution des températures  (en °C et dixième)","Températures minimales","Mango","°C","2013M7","23"
"Evolution des températures  (en °C et dixième)","Températures minimales","Mango","°C","2013M8","23"
"Evolution des températures  (en °C et dixième)","Températures minimales","Mango","°C","2013M9","23"
"Evolution des températures  (en °C et dixième)","Températures minimales","Mango","°C","2013M10","23"
"Evolution des températures  (en °C et dixième)","Températures minimales","Mango","°C","2013M11","22"
"Evolution des températures  (en °C et dixième)","Températures minimales","Mango","°C","2013M12","19"
"Evolution des températures  (en °C et dixième)","Températures minimales","Mango","°C","2014M1","21"
"Evolution des températures  (en °C et dixième)","Températures minimales","Mango","°C","2014M2","23"
"Evolution des températures  (en °C et dixième)","Températures minimales","Mango","°C","2014M3","26"
"Evolution des températures  (en °C et dixième)","Températures minimales","Mango","°C","2014M4","26"
"Evolution des températures  (en °C et dixième)","Températures minimales","Mango","°C","2014M5","26"
"Evolution des températures  (en °C et dixième)","Températures minimales","Mango","°C","2014M6","24"
"Evolution des températures  (en °C et dixième)","Températures minimales","Mango","°C","2014M7","24"
"Evolution des températures  (en °C et dixième)","Températures minimales","Mango","°C","2014M8","23"
"Evolution des températures  (en °C et dixième)","Températures minimales","Mango","°C","2014M9","22"
"Evolution des températures  (en °C et dixième)","Températures minimales","Mango","°C","2014M10","23"
"Evolution des températures  (en °C et dixième)","Températures minimales","Mango","°C","2014M11","23"
"Evolution des températures  (en °C et dixième)","Températures minimales","Mango","°C","2014M12","20"
"Evolution des températures  (en °C et dixième)","Températures minimales","Mango","°C","2015M1","19"
"Evolution des températures  (en °C et dixième)","Températures minimales","Mango","°C","2015M2","23"
"Evolution des températures  (en °C et dixième)","Températures minimales","Mango","°C","2015M3","26"
"Evolution des températures  (en °C et dixième)","Températures minimales","Mango","°C","2015M4","26"
"Evolution des températures  (en °C et dixième)","Températures minimales","Mango","°C","2015M5","26"
"Evolution des températures  (en °C et dixième)","Températures minimales","Mango","°C","2015M6","25"
"Evolution des températures  (en °C et dixième)","Températures minimales","Mango","°C","2015M7","24"
"Evolution des températures  (en °C et dixième)","Températures minimales","Mango","°C","2015M8","23"
"Evolution des températures  (en °C et dixième)","Températures minimales","Mango","°C","2015M9","25"
"Evolution des températures  (en °C et dixième)","Températures minimales","Mango","°C","2015M10","23"
"Evolution des températures  (en °C et dixième)","Températures minimales","Mango","°C","2015M11","21"
"Evolution des températures  (en °C et dixième)","Températures minimales","Mango","°C","2015M12","19"
"Evolution des températures  (en °C et dixième)","Températures minimales","Mango","°C","2016M1","20"
"Evolution des températures  (en °C et dixième)","Températures minimales","Mango","°C","2016M2","23"
"Evolution des températures  (en °C et dixième)","Températures minimales","Mango","°C","2016M3","27"
"Evolution des températures  (en °C et dixième)","Températures minimales","Mango","°C","2016M4","27"
"Evolution des températures  (en °C et dixième)","Températures minimales","Mango","°C","2016M5","26"
"Evolution des températures  (en °C et dixième)","Températures minimales","Mango","°C","2016M6","25"
"Evolution des températures  (en °C et dixième)","Températures minimales","Mango","°C","2016M7","23"
"Evolution des températures  (en °C et dixième)","Températures minimales","Mango","°C","2016M8","24"
"Evolution des températures  (en °C et dixième)","Températures minimales","Mango","°C","2016M9","23"
"Evolution des températures  (en °C et dixième)","Températures minimales","Mango","°C","2016M10","24"
"Evolution des températures  (en °C et dixième)","Températures minimales","Mango","°C","2016M11","22"
"Evolution des températures  (en °C et dixième)","Températures minimales","Mango","°C","2016M12","21"
"Evolution des températures  (en °C et dixième)","Températures minimales","Mango","°C","2017M1","20"
"Evolution des températures  (en °C et dixième)","Températures minimales","Mango","°C","2017M2","23"
"Evolution des températures  (en °C et dixième)","Températures minimales","Mango","°C","2017M3","26"
"Evolution des températures  (en °C et dixième)","Températures minimales","Mango","°C","2017M4","27"
"Evolution des températures  (en °C et dixième)","Températures minimales","Mango","°C","2017M5","25"
"Evolution des températures  (en °C et dixième)","Températures minimales","Mango","°C","2017M6","24"
"Evolution des températures  (en °C et dixième)","Températures minimales","Mango","°C","2017M7","23"
"Evolution des températures  (en °C et dixième)","Températures minimales","Mango","°C","2017M8","23"
"Evolution des températures  (en °C et dixième)","Températures minimales","Mango","°C","2017M9","23"
"Evolution des températures  (en °C et dixième)","Températures minimales","Mango","°C","2017M10","22"
"Evolution des températures  (en °C et dixième)","Températures minimales","Mango","°C","2017M11","21"
"Evolution des températures  (en °C et dixième)","Températures minimales","Mango","°C","2017M12","21"
"Evolution des températures  (en °C et dixième)","Températures minimales","Mango","°C","2018M1","20"
"Evolution des températures  (en °C et dixième)","Températures minimales","Mango","°C","2018M2","25"
"Evolution des températures  (en °C et dixième)","Températures minimales","Mango","°C","2018M3","27"
"Evolution des températures  (en °C et dixième)","Températures minimales","Mango","°C","2018M4","28"
"Evolution des températures  (en °C et dixième)","Températures minimales","Mango","°C","2018M5","25"
"Evolution des températures  (en °C et dixième)","Températures minimales","Mango","°C","2018M6","24"
"Evolution des températures  (en °C et dixième)","Températures minimales","Mango","°C","2018M7","23"
"Evolution des températures  (en °C et dixième)","Températures minimales","Mango","°C","2018M8","23"
"Evolution des températures  (en °C et dixième)","Températures minimales","Mango","°C","2018M9","24"
"Evolution des températures  (en °C et dixième)","Températures minimales","Mango","°C","2018M10","23"
"Evolution des températures  (en °C et dixième)","Températures minimales","Mango","°C","2018M11","21"
"Evolution des températures  (en °C et dixième)","Températures minimales","Mango","°C","2018M12","20"
"Evolution des températures  (en °C et dixième)","Températures minimales","Mango","°C","2019M1","21"
"Evolution des températures  (en °C et dixième)","Températures minimales","Mango","°C","2019M2","21"
"Evolution des températures  (en °C et dixième)","Températures minimales","Mango","°C","2019M3","27"
"Evolution des températures  (en °C et dixième)","Températures minimales","Mango","°C","2019M4","28"
"Evolution des températures  (en °C et dixième)","Températures minimales","Mango","°C","2019M5","27"
"Evolution des températures  (en °C et dixième)","Températures minimales","Mango","°C","2019M6","25"
"Evolution des températures  (en °C et dixième)","Températures minimales","Mango","°C","2019M7","24"
"Evolution des températures  (en °C et dixième)","Températures minimales","Mango","°C","2019M8","24"
"Evolution des températures  (en °C et dixième)","Températures minimales","Mango","°C","2019M9","24"
"Evolution des températures  (en °C et dixième)","Températures minimales","Mango","°C","2019M10","23"
"Evolution des températures  (en °C et dixième)","Températures minimales","Mango","°C","2019M11","22"
"Evolution des températures  (en °C et dixième)","Températures minimales","Mango","°C","2019M12","19"
"Evolution des températures  (en °C et dixième)","Températures minimales","Dapaong","°C","2013M1","21"
"Evolution des températures  (en °C et dixième)","Températures minimales","Dapaong","°C","2013M2","24"
"Evolution des températures  (en °C et dixième)","Températures minimales","Dapaong","°C","2013M3","26"
"Evolution des températures  (en °C et dixième)","Températures minimales","Dapaong","°C","2013M4","25"
"Evolution des températures  (en °C et dixième)","Températures minimales","Dapaong","°C","2013M5","24"
"Evolution des températures  (en °C et dixième)","Températures minimales","Dapaong","°C","2013M6","23"
"Evolution des températures  (en °C et dixième)","Températures minimales","Dapaong","°C","2013M7","22"
"Evolution des températures  (en °C et dixième)","Températures minimales","Dapaong","°C","2013M8","21"
"Evolution des températures  (en °C et dixième)","Températures minimales","Dapaong","°C","2013M9","21"
"Evolution des températures  (en °C et dixième)","Températures minimales","Dapaong","°C","2013M10","22"
"Evolution des températures  (en °C et dixième)","Températures minimales","Dapaong","°C","2013M11","23"
"Evolution des températures  (en °C et dixième)","Températures minimales","Dapaong","°C","2013M12","21"
"Evolution des températures  (en °C et dixième)","Températures minimales","Dapaong","°C","2014M1","22"
"Evolution des températures  (en °C et dixième)","Températures minimales","Dapaong","°C","2014M2","24"
"Evolution des températures  (en °C et dixième)","Températures minimales","Dapaong","°C","2014M3","25"
"Evolution des températures  (en °C et dixième)","Températures minimales","Dapaong","°C","2014M4","25"
"Evolution des températures  (en °C et dixième)","Températures minimales","Dapaong","°C","2014M5","25"
"Evolution des températures  (en °C et dixième)","Températures minimales","Dapaong","°C","2014M6","23"
"Evolution des températures  (en °C et dixième)","Températures minimales","Dapaong","°C","2014M7","23"
"Evolution des températures  (en °C et dixième)","Températures minimales","Dapaong","°C","2014M8","22"
"Evolution des températures  (en °C et dixième)","Températures minimales","Dapaong","°C","2014M9","21"
"Evolution des températures  (en °C et dixième)","Températures minimales","Dapaong","°C","2014M10","22"
"Evolution des températures  (en °C et dixième)","Températures minimales","Dapaong","°C","2014M11","23"
"Evolution des températures  (en °C et dixième)","Températures minimales","Dapaong","°C","2014M12","21"
"Evolution des températures  (en °C et dixième)","Températures minimales","Dapaong","°C","2015M1","19"
"Evolution des températures  (en °C et dixième)","Températures minimales","Dapaong","°C","2015M2","24"
"Evolution des températures  (en °C et dixième)","Températures minimales","Dapaong","°C","2015M3","26"
"Evolution des températures  (en °C et dixième)","Températures minimales","Dapaong","°C","2015M4","27"
"Evolution des températures  (en °C et dixième)","Températures minimales","Dapaong","°C","2015M5","26"
"Evolution des températures  (en °C et dixième)","Températures minimales","Dapaong","°C","2015M6","24"
"Evolution des températures  (en °C et dixième)","Températures minimales","Dapaong","°C","2015M7","23"
"Evolution des températures  (en °C et dixième)","Températures minimales","Dapaong","°C","2015M8","22"
"Evolution des températures  (en °C et dixième)","Températures minimales","Dapaong","°C","2015M9","22"
"Evolution des températures  (en °C et dixième)","Températures minimales","Dapaong","°C","2015M10","23"
"Evolution des températures  (en °C et dixième)","Températures minimales","Dapaong","°C","2015M11","23"
"Evolution des températures  (en °C et dixième)","Températures minimales","Dapaong","°C","2015M12","19"
"Evolution des températures  (en °C et dixième)","Températures minimales","Dapaong","°C","2016M1","21"
"Evolution des températures  (en °C et dixième)","Températures minimales","Dapaong","°C","2016M2","23"
"Evolution des températures  (en °C et dixième)","Températures minimales","Dapaong","°C","2016M3","26"
"Evolution des températures  (en °C et dixième)","Températures minimales","Dapaong","°C","2016M4","27"
"Evolution des températures  (en °C et dixième)","Températures minimales","Dapaong","°C","2016M5","25"
"Evolution des températures  (en °C et dixième)","Températures minimales","Dapaong","°C","2016M6","24"
"Evolution des températures  (en °C et dixième)","Températures minimales","Dapaong","°C","2016M7","22"
"Evolution des températures  (en °C et dixième)","Températures minimales","Dapaong","°C","2016M8","22"
"Evolution des températures  (en °C et dixième)","Températures minimales","Dapaong","°C","2016M9","21"
"Evolution des températures  (en °C et dixième)","Températures minimales","Dapaong","°C","2016M10","23"
"Evolution des températures  (en °C et dixième)","Températures minimales","Dapaong","°C","2016M11","24"
"Evolution des températures  (en °C et dixième)","Températures minimales","Dapaong","°C","2016M12","23"
"Evolution des températures  (en °C et dixième)","Températures minimales","Dapaong","°C","2017M1","22"
"Evolution des températures  (en °C et dixième)","Températures minimales","Dapaong","°C","2017M2","23"
"Evolution des températures  (en °C et dixième)","Températures minimales","Dapaong","°C","2017M3","26"
"Evolution des températures  (en °C et dixième)","Températures minimales","Dapaong","°C","2017M4","26"
"Evolution des températures  (en °C et dixième)","Températures minimales","Dapaong","°C","2017M5","24"
"Evolution des températures  (en °C et dixième)","Températures minimales","Dapaong","°C","2017M6","23"
"Evolution des températures  (en °C et dixième)","Températures minimales","Dapaong","°C","2017M7","22"
"Evolution des températures  (en °C et dixième)","Températures minimales","Dapaong","°C","2017M8","22"
"Evolution des températures  (en °C et dixième)","Températures minimales","Dapaong","°C","2017M9","22"
"Evolution des températures  (en °C et dixième)","Températures minimales","Dapaong","°C","2017M10","22"
"Evolution des températures  (en °C et dixième)","Températures minimales","Dapaong","°C","2017M11","22"
"Evolution des températures  (en °C et dixième)","Températures minimales","Dapaong","°C","2017M12","22"
"Evolution des températures  (en °C et dixième)","Températures minimales","Dapaong","°C","2018M1","20"
"Evolution des températures  (en °C et dixième)","Températures minimales","Dapaong","°C","2018M2","24"
"Evolution des températures  (en °C et dixième)","Températures minimales","Dapaong","°C","2018M3","26"
"Evolution des températures  (en °C et dixième)","Températures minimales","Dapaong","°C","2018M4","27"
"Evolution des températures  (en °C et dixième)","Températures minimales","Dapaong","°C","2018M5","25"
"Evolution des températures  (en °C et dixième)","Températures minimales","Dapaong","°C","2018M6","23"
"Evolution des températures  (en °C et dixième)","Températures minimales","Dapaong","°C","2018M7","22"
"Evolution des températures  (en °C et dixième)","Températures minimales","Dapaong","°C","2018M8","22"
"Evolution des températures  (en °C et dixième)","Températures minimales","Dapaong","°C","2018M9","22"
"Evolution des températures  (en °C et dixième)","Températures minimales","Dapaong","°C","2018M10","22"
"Evolution des températures  (en °C et dixième)","Températures minimales","Dapaong","°C","2018M11","23"
"Evolution des températures  (en °C et dixième)","Températures minimales","Dapaong","°C","2018M12","21"
"Evolution des températures  (en °C et dixième)","Températures minimales","Dapaong","°C","2019M1","21"
"Evolution des températures  (en °C et dixième)","Températures minimales","Dapaong","°C","2019M2","23"
"Evolution des températures  (en °C et dixième)","Températures minimales","Dapaong","°C","2019M3","26"
"Evolution des températures  (en °C et dixième)","Températures minimales","Dapaong","°C","2019M4","27"
"Evolution des températures  (en °C et dixième)","Températures minimales","Dapaong","°C","2019M5","26"
"Evolution des températures  (en °C et dixième)","Températures minimales","Dapaong","°C","2019M6","23"
"Evolution des températures  (en °C et dixième)","Températures minimales","Dapaong","°C","2019M7","22"
"Evolution des températures  (en °C et dixième)","Températures minimales","Dapaong","°C","2019M8","22"
"Evolution des températures  (en °C et dixième)","Températures minimales","Dapaong","°C","2019M9","22"
"Evolution des températures  (en °C et dixième)","Températures minimales","Dapaong","°C","2019M10","22"
"Evolution des températures  (en °C et dixième)","Températures minimales","Dapaong","°C","2019M11","23"
"Evolution des températures  (en °C et dixième)","Températures minimales","Dapaong","°C","2019M12","21"
